position,lastname,firstname,nationality,age,"date of birth","WST Rider ID","fis code","number of results",points
1,Corning,Chris,USA,21,"1999-09-07 00:00:00",90901,9531130,"3 / (6)",818.37
2,Laframboise,Nicolas,CAN,,,92867,9101080,"3 / (6)",776.32
3,Parrot,Max,CAN,26,"1994-06-06 00:00:00",83656,9100565,"3 / (4)",733.33
4,Kimata,Ryoma,JPN,18,"2002-07-24 00:00:00",91175,9300804,"3 / (6)",714.75
5,McMorris,Mark,CAN,26,"1993-12-09 00:00:00",78481,9100228,"3 / (6)",710.53
6,Thorgren,Sven,SWE,26,"1994-10-04 00:00:00",75853,9500105,"3 / (5)",626.07
7,Huber,Nicolas,SUI,25,"1995-01-14 00:00:00",86955,9510438,"3 / (10)",591.62
8,Jarvilehto,Kalle,FIN,25,"1995-07-21 00:00:00",82408,9180120,"3 / (6)",571.75
9,Henkes,Justus,USA,19,"2001-04-03 00:00:00",82666,9531241,"3 / (3)",518.58
10,Gauger,Wendelin,SUI,20,"2000-03-16 00:00:00",86579,9510403,"3 / (5)",511.36
11,Mekinc,Naj,SLO,,,91345,9560205,"3 / (11)",502.42
12,Kawakami,Aoto,JPN,16,"2004-07-12 00:00:00",90215,9300911,"3 / (4)",496.11
13,Tobita,Ruki,JPN,21,"1999-05-07 00:00:00",92065,9300723,"3 / (3)",495.12
14,Sharpe,Darcy,CAN,24,"1996-02-09 00:00:00",81099,9100445,"3 / (6)",494.90
15,Fitzsimons,Sean,USA,20,"2000-09-22 00:00:00",82777,9531194,"3 / (4)",482.25
16,Boesiger,Jonas,SUI,25,"1995-04-05 00:00:00",80754,9510288,"3 / (6)",468.00
17,Gerard,Redmond,USA,20,"2000-06-29 00:00:00",82704,9531135,"3 / (3)",464.70
18,Boll,Moritz,SUI,20,"2000-07-08 00:00:00",86577,9510387,"3 / (7)",452.75
19,Milenkovic,Matija,SRB,19,"2001-02-23 00:00:00",92999,9310011,"3 / (17)",447.62
20,Lauzi,Emiliano,ITA,26,"1994-09-22 00:00:00",80711,9290268,"3 / (4)",446.36
21,Valax,Enzo,FRA,20,"2000-10-27 00:00:00",92084,9190422,"3 / (12)",436.01
22,Cox,Matthew,AUS,22,"1998-06-09 00:00:00",75364,9040200,"3 / (5)",433.92
23,Konijnenberg,Sebastien,FRA,23,"1997-08-18 00:00:00",87631,9190322,"3 / (10)",430.74
24,Winkelmann,Luke,USA,19,"2000-12-18 00:00:00",90894,9531163,"3 / (3)",420.27
25,Otsuka,Takeru,JPN,19,"2001-04-02 00:00:00",89562,9300781,"3 / (3)",419.85
26,Stassel,Ryan,USA,28,"1992-10-23 00:00:00",74792,9530618,"3 / (3)",419.52
27,Smits,Seppe,BEL,29,"1991-07-13 00:00:00",70756,1064997,"3 / (7)",418.36
28,Amsuess,Moritz,AUT,21,"1998-11-15 00:00:00",87375,9050254,"3 / (3)",409.19
29,Henricksen,Dusty,USA,,,97763,9531369,"3 / (5)",401.13
30,Matveev,Mikhail,RUS,24,"1996-05-22 00:00:00",81947,9480456,"3 / (5)",400.23
31,Brcic,Dante,CRO,,,91715,9380038,"3 / (13)",375.70
32,Liviero,Nicola,ITA,21,"1999-04-23 00:00:00",86560,9290314,"3 / (7)",367.75
33,Canter,Jake,USA,17,"2003-07-19 00:00:00",90895,9531350,"3 / (4)",366.01
34,Brearley,Liam,CAN,17,"2003-02-27 00:00:00",87932,9101066,"3 / (5)",347.57
35,MacDougall,Jack,CAN,,,94663,9100828,"3 / (4)",342.26
36,"Van Der Velden",Niek,NED,20,"2000-05-28 00:00:00",90838,9400053,"3 / (5)",335.95
37,Larochaix,Noe,FRA,,,81626,9190448,"3 / (7)",332.65
38,McCormick,Matt,GBR,23,"1997-02-02 00:00:00",77485,9220040,"3 / (3)",326.97
39,Kleveland,Marcus,NOR,21,"1999-04-25 00:00:00",82158,9420145,"3 / (3)",326.57
40,Vandeweyer,Stef,BEL,21,"1999-08-06 00:00:00",75555,9060009,"3 / (7)",320.75
41,Buffey,William,CAN,18,"2002-07-16 00:00:00",90797,9100947,"3 / (5)",318.56
42,Frijns,Joewen,BEL,,,92203,9060015,"3 / (6)",316.79
43,Davern,Mitchell,NZL,18,"2002-03-21 00:00:00",96093,9410049,"3 / (4)",315.38
44,Farrell,Lyon,USA,21,"1998-11-22 00:00:00",88493,9531213,"2 / (2)",312.23
45,Rehnberg,Mikko,FIN,23,"1997-04-16 00:00:00",87639,9180118,"3 / (6)",311.72
46,Kunitake,Hiroaki,JPN,18,"2002-02-10 00:00:00",95166,,"3 / (4)",301.61
47,Kuhar,Ozbe,SLO,,,96454,9560220,"3 / (8)",301.34
48,Puenter,Nick,SUI,18,"2002-03-01 00:00:00",93061,9510443,"3 / (5)",301.12
49,Mattsson,Niklas,SWE,28,"1992-03-16 00:00:00",78135,9500081,"3 / (3)",298.17
50,Hofmann,Patrick,SUI,19,"2001-04-24 00:00:00",91716,9510412,"3 / (4)",294.48
51,Roisland,Mons,NOR,23,"1997-01-28 00:00:00",82747,9420133,"3 / (5)",293.92
52,Morauskas,Motiejus,LTU,,,88728,1783066,"3 / (5)",292.43
53,BARTET,Titouan,FRA,20,"2000-02-22 00:00:00",92081,9190436,"3 / (7)",285.37
54,Vicktor,Noah,GER,19,"2001-08-18 00:00:00",91469,9200131,"3 / (4)",283.52
55,Kadono,Yuki,JPN,24,"1996-05-18 00:00:00",80971,9300591,"2 / (2)",275.23
56,Jarvis,Carter,CAN,21,"1999-02-19 00:00:00",87781,9100655,"3 / (4)",275.00
57,Cornillat,Lucas,FRA,,,95768,9190465,"3 / (6)",273.62
58,Hamada,Kaito,JPN,21,"1999-10-14 00:00:00",89955,9300738,"3 / (3)",273.54
59,Frischhut,Lukas,AUT,,,92521,9050276,"3 / (8)",269.86
60,Pentecote,Eliot,FRA,,,91231,9190469,"3 / (5)",264.67
61,Schaerer,Michael,SUI,23,"1996-12-23 00:00:00",76241,9510290,"3 / (3)",263.07
62,Laesser,Martin,SUI,22,"1998-01-24 00:00:00",86861,9510407,"3 / (4)",260.62
63,Millauer,Clemens,AUT,25,"1994-12-15 00:00:00",86506,9050251,"3 / (3)",255.65
64,Koenen,Fynn,GER,,,91467,9200146,"3 / (6)",249.51
65,Rinnekangas,Rene,FIN,21,"1999-09-25 00:00:00",87638,9180149,"3 / (5)",249.26
66,Oliver,Lenny,FRA,,,91235,9190470,"3 / (6)",247.02
67,Strohmeyer,Till,AUT,18,"2002-05-07 00:00:00",94405,9200165,"3 / (7)",246.84
68,Lenchevskiy,Yaroslav,RUS,,,95784,9480723,"3 / (6)",246.47
69,Vockensperger,Leon,GER,21,"1999-08-25 00:00:00",91350,9200135,"3 / (4)",245.83
70,Watanabe,Rikuto,JPN,,,95432,9300985,"3 / (3)",245.68
71,Adams,Gabriel,GBR,17,"2003-02-14 00:00:00",90976,9220090,"3 / (3)",245.46
72,Boudjelal,Yannick,DZA,35,"1985-09-15 00:00:00",74281,9190018,"3 / (6)",243.79
73,Jaros,Samuel,SVK,,,84996,9700047,"3 / (3)",242.23
74,Bidegain,Pedro,ARG,,,90582,9030063,"3 / (5)",240.76
75,Moretti,Sacha,FRA,22,"1998-08-14 00:00:00",89521,9190363,"3 / (4)",240.12
76,Ehrler,Lukas,SUI,23,"1997-01-28 00:00:00",82753,9510368,"3 / (3)",238.82
77,Mathisen,William,SWE,,,94026,9500160,"3 / (4)",236.65
78,Owczarek,Krzysztof,POL,,,98408,9430170,"3 / (4)",235.02
79,Mack,Kyle,USA,23,"1997-07-06 00:00:00",71811,9530894,"3 / (3)",232.25
80,Venderotte,Tom,FRA,19,"2001-07-25 00:00:00",95769,9190453,"3 / (6)",231.60
81,Collins,Tiarn,NZL,20,"1999-11-09 00:00:00",93344,9410044,"3 / (4)",229.89
82,Kleivdal,Stian,NOR,23,"1997-04-29 00:00:00",82751,9420129,"3 / (6)",229.67
83,Gray,Nathan,FRA,19,"2000-11-28 00:00:00",87096,9220049,"3 / (4)",225.12
84,Salac,Kristian,CZE,,,86901,9150216,"3 / (3)",224.79
85,Framarin,Loris,ITA,22,"1998-01-01 00:00:00",80699,9290318,"3 / (5)",223.06
86,Rowe,Storm,USA,20,"2000-04-16 00:00:00",82041,9531153,"3 / (3)",220.61
87,McDermott,Eli,USA,,,96556,,"3 / (3)",215.09
88,Bergrem,Torgeir,NOR,29,"1991-09-20 00:00:00",74846,9420060,"3 / (4)",213.85
89,Teimurov,Mark,RUS,23,"1997-06-11 00:00:00",76906,9480585,"3 / (3)",211.35
90,Zulian,Emil,ITA,23,"1997-08-22 00:00:00",76950,9290265,"3 / (4)",210.21
91,Luckerbauer,David,AUT,20,"2000-06-10 00:00:00",87593,9050255,"3 / (8)",209.40
92,Suzuki,Atsuhiro,JPN,,,81739,9300782,"3 / (3)",207.78
93,Abozovik,Nikita,RUS,,,97494,9480695,"3 / (4)",207.07
94,Spalding,Cam,CAN,,,97420,9101189,"3 / (4)",205.75
95,Kolarevic,Janko,SRB,23,"1997-09-06 00:00:00",91808,9310008,"3 / (10)",200.88
96,Kikas,Marten,EST,,,89800,9390005,"3 / (4)",200.36
97,Wolf,Casper,NED,19,"2001-04-06 00:00:00",90986,9400067,"3 / (6)",199.59
98,Smelov,Aleksandr,RUS,24,"1996-04-22 00:00:00",92525,,"3 / (5)",199.06
99,Su,Yiming,CHN,,,100091,9120055,"2 / (2)",199.04
100,Stojak,Tino,CRO,,,92429,9380019,"2 / (2)",195.99
101,Fridbjornsson,Benedikt,ISL,16,"2004-06-14 00:00:00",89430,9250044,"3 / (3)",193.27
102,Zaczyk,MacIej,POL,,,101029,,"3 / (3)",193.05
103,Ayoubi,Hudson,AUS,,,90538,,"3 / (3)",191.76
104,Guetl,Leon,GER,19,"2001-03-19 00:00:00",89696,9200129,"3 / (3)",190.88
105,Vermaat,Sam,NED,,,94925,,"2 / (2)",189.14
106,Yamada,Yuto,JPN,,,98297,9300861,"2 / (2)",188.09
107,Moreno,Valentin,ARG,,,94369,9030115,"3 / (6)",186.65
108,Baskakov,Ilia,RUS,,,93422,9480640,"3 / (4)",185.58
109,Maligoj,Lenart,SLO,,,97723,9560223,"3 / (4)",185.41
110,Smith,Ethan,GBR,17,"2003-06-12 00:00:00",86275,9220081,"3 / (3)",182.92
111,Anishchanka,Pavel,BLR,,,90008,1664924,"3 / (5)",181.35
112,"De Sloover",Jules,BEL,,,92575,9060016,"3 / (5)",180.25
113,Jobin,Francis,CAN,22,"1998-09-21 00:00:00",84410,9100693,"3 / (4)",175.30
114,Kirkhus,Oyvind,NOR,,,93529,9420164,"3 / (3)",174.59
115,Schwan,Philip,GER,20,"2000-09-22 00:00:00",92396,9510433,"3 / (4)",174.39
116,Sandbech,Staale,NOR,27,"1993-06-03 00:00:00",74165,9420072,"2 / (2)",173.36
117,Breu,Moritz,GER,17,"2003-07-06 00:00:00",91598,9200161,"3 / (4)",170.58
118,Leleu,Martin,FRA,,,98129,9190535,"3 / (5)",169.21
119,Bergman,Joonas,FIN,20,"2000-05-15 00:00:00",93245,9180170,"3 / (3)",166.00
120,Framarin,Leo,ITA,,,86566,9290402,"3 / (3)",164.92
121,Merken,Julien,FRA,,,99265,,"3 / (5)",164.34
122,Rohrt,Odin,NOR,15,"2004-12-15 00:00:00",93544,9420169,"3 / (5)",163.51
123,Gyosharkov,Petar,BUL,24,"1996-06-29 00:00:00",88296,9090090,"3 / (3)",158.14
124,Gill,Liam,CAN,17,"2003-07-30 00:00:00",88090,9101051,"3 / (3)",158.09
125,Ciccarelli,Michael,CAN,24,"1996-09-04 00:00:00",79384,9100401,"3 / (4)",156.04
126,Landmark,Jesper,SWE,21,"1999-01-04 00:00:00",77181,9500137,"2 / (2)",154.96
127,Valjus,Antti,FIN,,,93252,9180191,"2 / (2)",154.88
128,Nevakivi,Aleksi,FIN,21,"1999-06-12 00:00:00",92580,9180169,"3 / (3)",153.16
129,Bullock-Womble,Fynn,USA,,,96984,,"2 / (2)",152.02
130,Healy,Will,USA,18,"2002-03-11 00:00:00",95407,9531311,"2 / (2)",149.37
131,Fisher,Beau,AUS,,,96028,,"2 / (2)",148.79
132,Yanez,Alvaro,CHI,18,"2002-01-01 00:00:00",82307,9110019,"3 / (4)",147.11
133,"van Hoeij",Dylan,BEL,16,"2003-11-26 00:00:00",92576,9060023,"3 / (4)",146.08
134,Tarakanov,Igor,RUS,,,97662,,"3 / (4)",144.63
135,Groterud,Magnus,NOR,,,93196,9420171,"3 / (4)",142.79
136,Mostovoi,Konstantin,RUS,,,100243,9480794,"3 / (3)",141.94
137,Sutton,Alfred,FRA,,,97381,,"3 / (5)",141.84
138,Ogiwara,Hiroto,JPN,,,86969,9300971,"2 / (2)",141.17
139,Deutinger,Maximilian,AUT,,,89417,9050261,"3 / (3)",139.89
140,Massitti,Mateo,CAN,19,"2001-04-09 00:00:00",87820,9100861,"2 / (2)",139.24
141,Ney,Oscar,FRA,,,91233,9190471,"3 / (6)",138.45
142,Herzenjak,Anej,SLO,,,95196,9560222,"3 / (5)",137.78
143,Maffei,Alberto,ITA,25,"1995-05-11 00:00:00",80676,9290315,"3 / (3)",137.34
144,Skhvediani,Jaba,GEO,,,96157,9680004,"3 / (3)",136.59
145,Katko,Grey,USA,,,97089,9531391,"2 / (2)",135.58
146,Jovic,Todor,SRB,,,97316,9310012,"3 / (5)",135.07
147,Almqvist,Gabriel,SWE,,,84586,9500158,"2 / (2)",134.93
148,Kaufmann,Moritz,AUT,20,"2000-07-20 00:00:00",86504,9050256,"3 / (4)",132.46
149,Edelman,"Stefan Vladislav",SRB,,,96158,9310013,"3 / (7)",131.43
150,Lee,Chaeun,KOR,,,95232,,"3 / (3)",129.35
151,Aizawa,Ryo,JPN,,,90217,9300740,"2 / (2)",128.16
152,Boggio,Davide,ITA,21,"1999-02-26 00:00:00",92713,9290338,"2 / (2)",127.49
153,Hrones,Jakub,CZE,,,88066,9150266,"2 / (2)",126.53
154,Schmitt,Matias,ARG,,,85559,9030045,"2 / (2)",126.49
155,Ozturk,Edis,BIH,,,97075,9710011,"3 / (7)",126.38
156,Koven,Sam,CAN,19,"2001-09-10 00:00:00",83283,9101044,"3 / (5)",125.53
157,Deriban,Karlo,MKD,,,100622,,"3 / (4)",122.30
158,Skjomming,Kristian,NOR,,,96484,,"3 / (4)",122.18
159,Tischendorf,Fridtjof,NOR,23,"1997-03-29 00:00:00",85722,9420140,"3 / (4)",121.12
160,Johnson,Liam,USA,,,98025,9531414,"3 / (3)",121.11
161,Taklo,Johannes,NOR,,,93190,9420163,"3 / (3)",120.90
162,Andrasovich,Uladzislau,BLR,,,96599,1664926,"3 / (4)",120.13
163,Ju,Sikyung,KOR,,,97863,9320200,"3 / (3)",119.94
164,Pauli,Stan,NED,18,"2002-10-05 00:00:00",92814,9400090,"3 / (3)",119.84
165,Finn,Finestone,CAN,,,96698,9101116,"3 / (5)",118.40
166,Kristjansson,Marino,ISL,19,"2000-12-01 00:00:00",89431,9250023,"3 / (3)",118.07
167,Laine,Juho,FIN,,,93963,,"2 / (2)",117.79
168,Irarrazaval,Inaqui,CHI,28,"1992-01-01 00:00:00",78005,9110006,"3 / (3)",116.20
169,Vilhelmsson,Baldur,ISL,,,94723,9250012,"3 / (4)",116.20
170,Jacob,Legault,CAN,,,96660,9101074,"3 / (5)",115.94
171,Petit,Noe,FRA,,,97878,9190518,"3 / (5)",115.33
172,Lotorto,"Alessandro Marco",SUI,,,86573,9510474,"2 / (2)",114.92
173,"Van Hoof",Ilias,BEL,21,"1999-05-05 00:00:00",89015,9060011,"3 / (5)",113.48
174,Lundstroem,Gustaf,SWE,22,"1998-01-17 00:00:00",92004,9500138,"3 / (3)",113.03
175,Rodriguez,Lukas,ESP,,,97669,9490234,"3 / (4)",111.55
176,Ironside,Glen,GBR,21,"1999-06-13 00:00:00",88103,9220050,"3 / (3)",110.87
177,Legac,Fran,CRO,,,97682,,"3 / (8)",109.68
178,Toledo,Antoni,ESP,,,97866,9490230,"3 / (5)",105.09
179,Kautonen,Valtteri,FIN,,,93246,9180186,"1 / (1)",104.77
180,Salleras,Narcis,ESP,,,99186,9490238,"3 / (3)",103.78
181,Obradovic,Petar,SRB,,,98196,9310037,"3 / (4)",103.61
182,Grkovic,Vladan,SRB,,,100055,,"3 / (4)",103.55
183,Partanen,Aatu,FIN,,,93237,9180192,"2 / (2)",102.89
184,"CHIARADIO DE LA IGLESIA",Federico,ARG,,,86254,9030049,"3 / (3)",102.75
185,Foy,Rakim,NED,18,"2002-02-13 00:00:00",92826,9400080,"2 / (2)",100.43
186,Fuser,"Elia Manuel",ITA,,,92591,,"2 / (2)",100.26
187,Petrovski,Marko,MKD,,,100621,,"3 / (4)",100.25
188,Gjerdalen,Bendik,NOR,22,"1998-01-26 00:00:00",88313,9420143,"3 / (3)",100.00
189,Tveiten,Sindre,NOR,22,"1998-04-05 00:00:00",92592,9420153,"3 / (3)",99.20
190,Denda,Jeremy,SUI,,,89233,9510488,"2 / (2)",98.23
191,Karahasanovic,Amar,BIH,,,90412,9710006,"3 / (7)",97.94
192,Kim,Sang-Jae,KOR,,,99260,,"3 / (3)",96.88
193,Couderc,Baptiste,FRA,,,92784,9190539,"3 / (3)",96.64
194,Laurenchikj,Vedran,MKD,,,100620,,"3 / (3)",95.44
195,Sanzhapov,Serhii,UKR,15,"2005-03-25 00:00:00",94172,,"2 / (2)",93.84
196,"Mork Danielsen",Sander,NOR,,,94623,,"3 / (3)",93.25
197,Agnew,Joshua,AUS,,,94290,9040258,"3 / (4)",93.04
198,Miller,Nicholas,USA,,,97836,1051577,"3 / (3)",92.31
199,Izzard,William,CAN,,,96696,9100653,"3 / (3)",91.56
200,Bosch,Anthon,RSA,24,"1996-04-16 00:00:00",84589,9500128,"2 / (2)",90.25
201,Vik,Sebastian,NOR,,,93197,9420165,"3 / (3)",89.77
202,Otsubo,Shuzaburo,JPN,16,"2003-11-14 00:00:00",97883,9300908,"2 / (2)",89.31
203,Matteoli,Ian,ITA,,,87524,,"2 / (2)",89.19
204,Teixeira,Augustinho,BRA,,,99140,,"3 / (5)",88.53
205,Mouton,Boris,SUI,23,"1997-01-24 00:00:00",81608,9190362,"2 / (2)",88.45
206,Bubic,Leon,CRO,,,97683,,"3 / (8)",87.71
207,"Le Fur",Honorio,FRA,,,95675,,"3 / (3)",86.93
208,Ganserer,Jakob,GER,,,98010,,"1 / (1)",86.80
209,Chomlack,Jadyn,CAN,18,"2002-09-19 00:00:00",91331,9101067,"3 / (3)",86.38
210,Soic,Mauro,CRO,,,100045,,"3 / (8)",85.10
211,Hasegawa,Taiga,JPN,,,93682,9300953,"1 / (1)",82.96
212,Vallieres,Tyler,USA,,,82920,9531257,"2 / (2)",82.65
213,Maglov,Aleksey,RUS,,,92527,9480570,"1 / (1)",82.44
214,Skenderovski,Bojan,MKD,,,98414,1754974,"3 / (3)",80.22
215,Fornes,Anders,NOR,,,94625,9420167,"2 / (2)",79.47
216,Shmurikov,Egor,RUS,,,100242,,"2 / (2)",79.30
217,Wega,Carter,CAN,,,93637,,"3 / (3)",79.17
218,Lotz,Peter,GER,,,98008,,"2 / (2)",79.07
219,Crouch,Brock,USA,21,"1999-08-22 00:00:00",80857,9531095,"1 / (1)",78.78
220,"Merimee Mantovani",Luca,FRA,,,92793,,"3 / (4)",78.19
221,Peeters,Lorenzo,BEL,,,83408,9060014,"1 / (1)",77.99
222,Holtzapfel,Casper,NED,,,92431,9400070,"1 / (1)",77.61
223,Kim,Gyeonguk,KOR,19,"2001-02-08 00:00:00",93169,,"3 / (4)",76.29
224,Demchuck,Keenan,CAN,,,96348,9101006,"3 / (4)",76.28
225,Frey,Leopold,GER,,,97271,,"3 / (3)",76.15
226,Arvanitidis,Theofilos,GRE,,,101030,,"3 / (3)",76.10
227,Yamase,Kensho,JPN,,,95425,9300989,"1 / (1)",76.03
228,Vogrin,Jan,SLO,,,95412,9560221,"3 / (3)",75.91
229,Fasola,Manuel,ARG,,,99139,9030146,"3 / (3)",75.29
230,Hordii,Yurii,UKR,,,99241,,"2 / (2)",74.32
231,"Kralj Kos",Bono,SLO,,,81401,9560208,"2 / (2)",73.75
232,Springinsfeld,Nahuel,ARG,,,94367,9030137,"2 / (2)",73.61
233,Retzlaff,Dave,USA,,,95411,9531294,"2 / (2)",73.54
234,Vaisanen,Emppu,FIN,,,93251,9180183,"2 / (2)",72.43
235,Tessand,Jakob,NOR,,,96483,,"2 / (2)",71.72
236,Thoenen,Moritz,SUI,23,"1996-12-09 00:00:00",82802,9510319,"2 / (2)",71.71
237,Olimstad,Markus,NOR,26,"1994-01-16 00:00:00",86945,9420146,"2 / (2)",71.13
238,Luengo,Esteeban,ARG,,,92346,,"2 / (2)",70.48
239,Fomchenko,Mihail,RUS,,,91985,9480573,"2 / (2)",70.11
240,Allemand,Romain,FRA,,,96542,,"3 / (3)",70.02
241,Tsuji,Haruhi,JPN,,,96829,9300947,"1 / (1)",69.94
242,Seo,Gyeong,KOR,,,96474,9320182,"3 / (3)",69.38
243,Balicco,Sacha,FRA,,,90414,9190371,"1 / (1)",68.46
244,Yang,Wenlong,CHN,,,96913,1124981,"2 / (2)",66.80
245,Kirkevoll,Embrik,NOR,,,94742,,"3 / (3)",66.75
246,Biogradlic,Faris,BIH,,,86398,1714997,"2 / (2)",66.67
247,"Perez Guerra",Ignasio,AND,,,100703,,"2 / (2)",66.40
248,Pesic,Nemanja,SRB,,,100625,,"2 / (2)",66.29
249,Vera,Dante,ARG,,,96045,9030109,"3 / (4)",66.19
250,Lee,Dongheon,KOR,,,100181,,"2 / (2)",66.18
251,Tagliaferro,Nahuel,AND,,,100538,,"3 / (3)",65.68
252,Weaver,Lane,CAN,17,"2003-05-10 00:00:00",93358,9101200,"3 / (3)",65.41
253,Steele,Sunny,AUS,17,"2003-10-14 00:00:00",96007,9040280,"3 / (4)",65.11
254,Antraygues,Zachary,FRA,,,92786,9190464,"3 / (3)",64.77
255,Kimura,Kira,JPN,,,98184,,"1 / (1)",64.57
256,Garandel,Liam,FRA,,,100495,,"3 / (3)",64.36
257,Nagasawa,Hayato,JPN,18,"2002-07-27 00:00:00",90211,9300814,"3 / (3)",64.04
258,Eckhoff,Mathias,NOR,21,"1999-01-10 00:00:00",88950,9420142,"2 / (2)",63.85
259,Minkov,Mihail,BUL,16,"2003-11-16 00:00:00",100355,9090149,"1 / (1)",62.72
260,Fricz,"Botond Istvan",HUN,19,"2000-12-29 00:00:00",90983,9240028,"1 / (1)",61.68
261,Biele,"Gian Andrin",SUI,17,"2003-06-20 00:00:00",88788,9510455,"2 / (2)",60.67
262,Lunn,Tobias,NOR,,,96211,,"3 / (3)",60.51
263,Leenderts,Emil,NOR,21,"1999-09-17 00:00:00",92106,9420154,"1 / (1)",60.43
264,Choi,Seongjun,KOR,,,100496,,"3 / (3)",60.31
265,Kaku,Shusei,JPN,,,98217,,"1 / (1)",59.80
266,Patronen,Roope,FIN,,,93244,,"2 / (2)",59.27
267,Huber,Niklas,GER,16,"2004-04-17 00:00:00",92995,9200181,"2 / (2)",58.52
268,Legac,Vid,CRO,,,100046,,"3 / (8)",58.39
269,Nunez,Jascha,AUT,,,100457,,"2 / (2)",58.15
270,Ogasawara,Senan,JPN,,,96846,9300916,"2 / (2)",57.70
271,Tourki,Liam,FRA,21,"1999-03-25 00:00:00",81604,9190385,"1 / (1)",57.58
272,Petrov,Vladislav,RUS,,,100239,9480830,"2 / (2)",57.14
273,Doumos,Ioannis,GRE,,,99209,,"3 / (4)",56.34
274,Vebra,Gytis,LTU,,,89866,1783067,"2 / (2)",56.29
275,Ulstein,Isak,NOR,22,"1998-03-02 00:00:00",82749,9420138,"2 / (2)",55.95
276,Mortenson,Jared,USA,,,98026,,"1 / (1)",55.93
277,Kakimoto,Yua,JPN,,,96834,,"1 / (1)",55.54
278,Pecanin,Nedim,BIH,,,90406,9710004,"3 / (3)",54.82
279,"Berdal Holm",Jonas,NOR,,,94621,,"2 / (2)",54.29
280,Frischhut,Paul,AUT,,,95051,,"2 / (2)",54.23
281,Stang,Karis,USA,,,96948,,"2 / (2)",53.38
282,"De Feo",Milco,ITA,,,86574,9290389,"2 / (2)",53.16
283,Sukke,Niklas,NOR,,,99329,,"3 / (3)",53.04
284,Darkov,Marko,MKD,,,98415,,"1 / (1)",52.95
284,Mair,Enzo,ARG,,,94385,,"1 / (1)",52.95
286,"Hovde Pettersen",Adrian,NOR,,,94745,,"2 / (2)",52.88
287,Tsitsos,Christos,GRE,,,99210,,"2 / (2)",52.01
288,Tsuji,Hinata,JPN,,,90216,9300779,"1 / (1)",51.72
289,Kerschhackl,Marco,ITA,20,"2000-09-24 00:00:00",91093,9290368,"1 / (1)",50.89
290,Goulet,Hunter,USA,,,97647,,"1 / (1)",50.20
291,Jaromin,Jan,POL,18,"2001-12-05 00:00:00",90873,9430152,"2 / (2)",50.08
292,"NDOUMBE MOUKOURI",Natan,FRA,15,"2004-12-02 00:00:00",92797,9190523,"3 / (3)",49.12
293,Kreienbuehl,"Gabriel Tim",SUI,,,91077,,"2 / (2)",49.03
294,Depriest,Brooklyn,USA,14,"2006-02-21 00:00:00",96997,,"2 / (2)",48.91
295,Miyamura,Yuto,JPN,,,97916,,"1 / (1)",48.26
296,Groeneveld,Kai,NED,16,"2004-04-27 00:00:00",92837,9400102,"2 / (2)",48.15
297,Andonov,Bojan,MKD,,,91805,1759990,"2 / (2)",48.05
298,Stevens,Liam,CAN,23,"1997-03-21 00:00:00",86792,9100515,"2 / (2)",46.42
299,Alkefjaerd,Daniel,SWE,23,"1997-07-13 00:00:00",89248,9500140,"2 / (2)",46.05
300,Lehwald,Lasse,DEN,23,"1997-08-29 00:00:00",93003,1174975,"2 / (2)",46.01
301,Behensky,Lukas,AUT,,,97666,,"1 / (1)",45.85
302,Menzies,Dane,CAN,15,"2005-03-27 00:00:00",92604,9101168,"2 / (2)",45.78
303,Roll,Bo,NOR,,,98270,,"3 / (3)",45.08
304,"KRALJ KOS",Max,SLO,,,81399,9560168,"1 / (1)",44.73
305,Lee,Minsik,KOR,20,"2000-07-05 00:00:00",91111,9320133,"2 / (0)",44.64
306,Bucher,Jeremy,SUI,,,92981,9510487,"2 / (2)",44.12
307,Kristjansson,"Egill Gunnar",ISL,,,95745,9250004,"1 / (1)",43.72
308,Kallo,Sami,FIN,,,93249,9180167,"3 / (3)",43.70
309,Baez,"Gonzalo Daniel",ARG,,,94383,9030129,"2 / (2)",43.11
310,Yanez,Benjamin,CHI,17,"2003-01-01 00:00:00",82306,9110030,"2 / (2)",43.03
311,Haefliger,Lars,SUI,,,97424,,"2 / (2)",42.54
312,Shirakawa,Mafuyu,JPN,,,81765,9300775,"1 / (1)",42.23
313,"Traasdahl Fornes",Anders,NOR,,,100518,,"1 / (1)",42.23
314,Figueras,Santiago,ARG,,,92338,9030141,"2 / (2)",42.04
315,Moller,Justo,ARG,,,92968,9030140,"2 / (2)",41.81
316,Bastiaansen,Erik,NED,22,"1998-02-23 00:00:00",86114,9400045,"1 / (1)",41.47
317,Nieto,Leo,FRA,,,92078,9190434,"1 / (1)",41.42
318,Ferry,Lucas,USA,,,85132,9531505,"1 / (1)",41.25
319,Christensson,Conner,CAN,18,"2002-10-22 00:00:00",96177,9101053,"2 / (2)",40.76
320,Gennero,Lorenzo,ITA,23,"1997-06-30 00:00:00",86558,9290295,"1 / (1)",40.68
321,"Mikalsen Ostby",Simon,NOR,,,97886,,"2 / (2)",40.09
322,Comeau,Lucas,CAN,18,"2002-08-12 00:00:00",91459,9100941,"2 / (2)",39.99
323,Kim,Taewook,KOR,,,99345,,"3 / (3)",39.65
324,Williams,Max,USA,,,94556,9531317,"1 / (1)",39.60
325,Negishi,Ukyo,JPN,,,96737,9300972,"1 / (1)",39.57
326,Finnsson,"Kolbeinn Thor",ISL,,,97461,9250014,"2 / (2)",39.54
327,Krauskopf,Tosh,CAN,15,"2005-01-16 00:00:00",91393,,"3 / (3)",39.23
328,"Krogt  Van Der",Mitchell,NED,,,100224,,"1 / (1)",39.18
329,Kalinin,Kirill,RUS,,,100064,,"1 / (1)",39.01
330,Zisko,Affan,BIH,,,93160,9710009,"2 / (2)",38.42
331,Buraud,Jules,FRA,,,97374,9190516,"1 / (1)",38.17
332,Poulin,Patrice,CAN,20,"1999-12-12 00:00:00",92947,9100986,"1 / (1)",37.80
333,Tokarczyk,Piotr,POL,29,"1991-07-11 00:00:00",78786,9430115,"1 / (1)",37.53
334,Kaku,Yusei,JPN,,,98221,9300925,"1 / (1)",37.10
335,Shambo,Grant,USA,,,84582,9531248,"1 / (1)",37.03
336,Nicholson,Tyler,CAN,25,"1995-08-03 00:00:00",83279,9100475,"1 / (1)",36.97
337,Mikhalevych,Viktor,UKR,,,95814,,"1 / (1)",36.96
338,Fairgrieve-Park,Kalin,CAN,20,"2000-04-05 00:00:00",91778,9100868,"2 / (2)",36.61
339,Ershov,Petr,RUS,,,94835,,"2 / (2)",36.54
340,Ohashi,Rikuto,JPN,18,"2001-12-05 00:00:00",95027,9300841,"1 / (1)",36.53
341,Karhila,Roni,FIN,,,95037,9180194,"2 / (2)",36.45
342,Castro,Jaime,ESP,,,94513,9490217,"1 / (1)",36.40
342,Cachat,Juan,FRA,20,"2000-05-09 00:00:00",91285,9190452,"1 / (1)",36.40
344,Rice,Brian,USA,,,98906,,"1 / (1)",36.32
345,Forin,Guillaume,FRA,,,96343,9190486,"1 / (1)",35.14
346,Obata,Kaishi,JPN,,,93043,9300909,"1 / (1)",34.79
347,Rizzi,Giovanni,SUI,,,93567,9510445,"2 / (2)",34.24
348,Virsunen,Juho,FIN,,,96440,,"2 / (2)",33.83
349,Almqvist,William,SWE,,,84585,9500159,"1 / (1)",33.53
350,Uporov,Ermolai,RUS,,,100241,,"1 / (1)",33.53
351,Cukunde,Arturs,LAT,,,86395,1554959,"1 / (1)",33.33
351,Guseli,Valentino,AUS,15,"2005-04-01 00:00:00",88527,9040291,"1 / (1)",33.33
351,Smith,Truth,CAN,16,"2004-03-04 00:00:00",91327,9101123,"1 / (1)",33.33
354,Stanek,Jarek,FIN,,,97147,,"1 / (1)",33.13
355,"Brune Olsen","Anders Johannes",NOR,,,98565,,"2 / (2)",32.70
356,Kudo,Yamato,JPN,,,91686,9300845,"1 / (1)",32.61
357,Uzpolevicius,Domas,LTU,,,98195,,"1 / (1)",32.46
358,Wrobel,Evan,USA,,,98929,,"1 / (1)",32.38
359,Stojchevski,Hristijan,MKD,,,99801,,"1 / (1)",32.30
360,Turpeinen,Tuomas,FIN,,,96431,,"2 / (2)",32.01
361,Klebe-Mcculloch,Dashiell,CAN,,,95445,9101137,"2 / (2)",31.66
362,Choi,Yoonjae,KOR,,,94882,,"2 / (2)",31.62
363,Kweon,Leejun,KOR,23,"1997-10-24 00:00:00",86412,9320093,"2 / (2)",31.13
364,Gao,Xuesong,CHN,,,100092,9120058,"1 / (1)",31.04
365,Klein,Oskar,CAN,19,"2001-08-16 00:00:00",88085,9100871,"2 / (2)",30.44
366,Hendriks,Lucas,NED,,,99227,,"1 / (1)",30.38
367,Parkinson,Jesse,AUS,15,"2005-06-28 00:00:00",94288,9040298,"2 / (2)",30.08
368,"Palissier Roy",Enzo,FRA,,,92778,,"3 / (3)",29.90
369,Strolz,Timo,SUI,,,91078,9510423,"2 / (2)",29.52
370,Grigaitis,Rokas,LTU,,,100093,1783076,"2 / (2)",29.43
371,Aalto,Roni,FIN,,,96435,,"1 / (1)",29.35
372,Mawejje,Brolin,USA,,,85974,9531148,"2 / (2)",28.97
373,Abe,Jinichiro,JPN,,,96863,9300854,"1 / (1)",28.58
374,Suikov,Maksim,RUS,,,94554,9480555,"1 / (1)",28.45
375,Lehner,Elias,SUI,,,95313,,"1 / (1)",27.94
376,Haug,Thorbjorn,NOR,,,99325,,"3 / (3)",27.81
377,Cantelon,Jonah,CAN,,,99402,,"2 / (2)",27.62
378,"Garcia Knight",Carlos,NZL,23,"1997-05-06 00:00:00",87289,9410042,"1 / (1)",27.60
379,Huuhtanen,Juhani,FIN,,,93238,,"2 / (2)",27.35
380,Kim,Hyobin,KOR,,,99344,,"3 / (3)",27.30
381,"BAILLY SALIN",Maxime,FRA,,,91557,9190515,"1 / (1)",27.07
382,Petrusevics,Toms,LAT,28,"1992-07-20 00:00:00",88671,1554994,"1 / (1)",26.98
383,Arnason,"Tomas Orri",ISL,,,96306,9250015,"1 / (1)",26.78
384,Saijo,Kazuki,JPN,,,93680,9300807,"1 / (1)",26.70
385,Hauschildt,"Kian Christopher",BRA,,,99305,,"1 / (1)",26.41
386,Fitzgerald,Tj,USA,19,"2001-09-14 00:00:00",85106,9531271,"1 / (1)",26.37
387,Kauranen,Mitja,FIN,,,93243,,"1 / (1)",25.75
387,Lee,Hyun-Jun,KOR,,,95239,9320181,"1 / (1)",25.75
389,Putys-Gallagher,Luke,LTU,,,100860,,"1 / (1)",25.34
390,Tyler,Hayden,USA,,,96979,,"1 / (1)",25.30
391,Banados,Felipe,CHI,,,96190,9110026,"2 / (2)",25.17
392,Morii,Miruki,JPN,,,95018,9300944,"1 / (1)",24.88
393,ROBERTSON-HAHN,Joshua,AUS,,,94284,9040292,"1 / (1)",24.81
394,Romani,Lucio,ARG,,,99144,9030147,"2 / (2)",24.80
395,Hafsahl,Storm,NOR,,,97096,,"2 / (2)",24.71
396,Schuetz,Nicolas,SUI,,,91725,9510483,"1 / (1)",24.64
397,Bauer,Raphael,FRA,,,98437,,"1 / (1)",24.63
398,Eckhardt,Gregory,SUI,,,93665,,"2 / (2)",24.58
399,Golay,Eliot,SUI,,,98301,9510485,"1 / (1)",24.51
400,Granli-Sommerud,Andreas,NOR,,,98271,,"3 / (3)",24.19
401,Steffensen,Lasse,NOR,,,93760,,"3 / (3)",24.14
402,Bradic,Bosko,SRB,,,100627,,"2 / (2)",23.77
403,Siadanau,Ihnat,BLR,,,90006,1664923,"1 / (1)",23.71
404,Barin,Cesar,FRA,,,94634,9190550,"1 / (1)",23.67
405,Striukov,Timofei,RUS,,,99570,,"1 / (1)",23.37
406,Khadarin,Vlad,RUS,22,"1998-02-22 00:00:00",87235,9480582,"1 / (1)",23.16
407,Asaga,Shimpei,JPN,30,"1990-05-07 00:00:00",87333,,"1 / (1)",23.13
408,Garay,Santiago,ARG,,,100194,9030154,"2 / (2)",23.08
409,Denham,Jake,USA,,,92047,9531233,"1 / (1)",22.97
410,Gustaffson,Tim,NOR,,,98566,,"2 / (2)",22.86
411,Andenmatten,Mika,SUI,19,"2001-09-20 00:00:00",90862,9510425,"1 / (1)",22.81
412,Petrick,Ryder,CAN,19,"2001-03-11 00:00:00",91460,9101032,"2 / (2)",22.67
413,Mendolia,"Facundo Catriel",ARG,,,96047,9030084,"1 / (1)",22.48
414,Chemodurov,Yuriy,RUS,30,"1990-06-08 00:00:00",88146,9480461,"2 / (2)",22.13
415,Bjorgvinsson,Arnar,ISL,,,99041,,"1 / (1)",21.57
416,Lauffer,Logan,USA,18,"2002-01-24 00:00:00",97567,9531410,"1 / (1)",21.34
417,Chayametisurat,Lubpawath,THA,,,100180,,"2 / (2)",21.16
418,Arason,"Birkir Thor",ISL,,,97456,9250017,"2 / (2)",21.13
419,Cinca,Patrick,GER,30,"1990-10-11 00:00:00",81690,9200087,"1 / (1)",21.11
420,Thelen,Axel,FIN,22,"1997-11-15 00:00:00",90978,9180154,"2 / (2)",21.10
421,Pundins,Janis,LAT,,,100029,,"1 / (1)",21.01
422,Machtans,Ben,CAN,,,95446,9101117,"1 / (1)",20.97
423,Riley,Sam,USA,,,98709,9531512,"1 / (1)",20.85
424,Markov,Nikolay,RUS,,,100244,9480829,"2 / (2)",20.71
425,Cockrell,Billy,GBR,21,"1999-01-30 00:00:00",82368,9220101,"1 / (1)",20.64
426,Banados,Vicente,CHI,,,96049,9110018,"1 / (1)",20.16
427,Bouzanne,Gabin,FRA,,,96541,9190549,"1 / (1)",20.04
428,Stepanov,Peresvet,RUS,,,100240,9480835,"2 / (2)",19.89
429,Mukai,Takeru,JPN,,,95175,9300966,"1 / (1)",19.76
430,Leuenberger,Lukas,SUI,,,93059,,"1 / (1)",19.70
431,Malcolm,George,CAN,,,94673,9100976,"2 / (2)",19.64
432,"Mork Danielsen",Jonas,NOR,,,98372,,"2 / (2)",19.63
433,Repo,Kalle,FIN,,,95032,,"1 / (1)",19.51
434,Fenning,Lenny,GBR,,,96540,,"1 / (1)",19.51
435,Hietikko,Jere,FIN,,,93960,,"1 / (1)",19.40
436,Hed,Olle,SWE,,,87980,9500170,"1 / (1)",19.39
436,Kervinen,Nooa,FIN,,,94160,9180193,"1 / (1)",19.39
438,Jonsson,"Bjartur Snaer",ISL,,,97442,9250059,"1 / (1)",19.34
439,Kronlund,Stian,NOR,18,"2001-12-25 00:00:00",93191,,"2 / (2)",19.23
440,Urbanski,Patryk,POL,,,87044,9430185,"1 / (1)",19.07
441,Chen,Maxson,AUS,,,92310,9040299,"3 / (3)",18.81
442,Stepanov,Daniil,RUS,,,99569,,"1 / (1)",18.32
443,Konuma,Haruka,JPN,,,96727,,"1 / (1)",18.13
444,Coletti,Anzo,FRA,,,100546,,"1 / (1)",17.86
445,Muhonen,Anton,SWE,,,94027,9500164,"1 / (1)",17.83
446,Scherrer,Ian,CAN,,,96220,,"1 / (1)",17.38
447,Odinsson,"Hafsteinn Heimir",ISL,,,99031,,"1 / (1)",17.31
447,Modesti,Michael,CAN,19,"2001-07-12 00:00:00",91040,9100907,"2 / (2)",17.31
449,Hagen,Haavard,NOR,,,94620,,"2 / (2)",17.00
450,Cannicionnie,Julien,CAN,,,96657,9101031,"1 / (1)",16.97
451,Ocariz,Francisco,ARG,,,100184,9030144,"2 / (2)",16.65
452,Martin,Kade,USA,,,96973,,"2 / (2)",16.53
453,Drechsler,"Carl Maria",GER,,,96282,,"1 / (1)",16.53
453,Uehara,Takuya,JPN,29,"1991-03-28 00:00:00",95026,9300846,"1 / (1)",16.53
455,Lecroy,Kolman,USA,,,96120,9531366,"1 / (1)",16.52
456,Capodiferro,Alessio,SUI,,,97624,9510464,"1 / (1)",16.42
457,Guisolan,Aristide,SUI,,,97621,9510465,"1 / (1)",16.15
458,Jozsa,Martin,SVK,,,99083,,"1 / (1)",15.73
459,Laminie,Theo,FRA,,,97373,9190510,"1 / (1)",15.73
460,Zhang,Jiahao,CHN,,,90959,1124972,"1 / (1)",15.73
461,Hlynsson,Reynar,ISL,,,95750,,"1 / (1)",15.46
462,Dumins,Eduards,LAT,,,100030,,"1 / (1)",15.38
463,Wijnstra,Thom,NED,,,100225,,"1 / (1)",15.17
464,Skvoznyakov,Efim,RUS,,,100237,9480831,"1 / (1)",15.05
464,Sigel,Gus,USA,,,98708,,"1 / (1)",15.05
464,Erkaev,Konstantin,RUS,,,78038,9480386,"1 / (1)",15.05
467,Graikos,Dimitrios,GRE,,,99211,,"2 / (2)",15.00
468,Hiraoka,Keitaro,JPN,21,"1998-11-27 00:00:00",87120,9300730,"1 / (1)",14.96
469,Matt,Landen,USA,,,98897,,"1 / (1)",14.92
470,Johansson,"Borgthor Omar",ISL,,,96991,,"1 / (1)",14.73
471,"Clara Ventosa",Jan,ESP,,,100858,,"1 / (1)",14.51
472,Perroud,Timothy,SUI,,,96445,9510442,"1 / (1)",14.51
473,Karafyllias,Drosos,GRE,,,100631,,"3 / (4)",14.41
474,"Leutola Diaz",Lucas,FIN,,,100608,,"1 / (1)",14.22
475,Teksle,Petter,NOR,,,96873,,"2 / (2)",14.12
476,Gioia,Tomas,ARG,,,100195,,"2 / (2)",14.10
477,Aubergy,"Pall Rist",ISL,,,97450,9250053,"1 / (1)",13.75
478,Abadlia,Marouane,FRA,,,95691,,"1 / (1)",13.66
478,Dunaux,Benjamin,FRA,,,78350,9190344,"1 / (1)",13.66
480,Sverresvold,Julian,NOR,,,100717,,"1 / (1)",13.49
481,Sequeira,Gabriel,CAN,,,99445,,"1 / (1)",13.28
482,Roy,Liam,CAN,,,91632,,"1 / (1)",13.21
483,Wirth,Joschka,GER,,,101031,,"1 / (1)",13.00
483,Radulovic,Ognjen,SRB,,,100626,,"2 / (2)",13.00
485,Karoliussen,Petter,NOR,,,97692,,"1 / (1)",12.74
486,Durand,Alois,GER,16,"2003-12-02 00:00:00",91590,9200184,"2 / (2)",12.47
487,Lee,Hyun-Su,KOR,,,99258,,"1 / (1)",12.25
488,Arnarsson,"Skirnir Dadi",ISL,,,95744,,"1 / (1)",12.16
489,Mather,Samuel,CAN,,,95450,9101146,"2 / (2)",12.00
490,Kleivdal,Morten,NOR,29,"1991-03-13 00:00:00",71775,9420061,"1 / (1)",11.91
491,Minamiya,Hanato,JPN,,,98219,,"1 / (1)",11.87
492,Ahola,Niko,FIN,,,97145,,"1 / (1)",11.85
492,Lee,Byung-Yun,KOR,,,96475,9320188,"1 / (1)",11.85
494,Chomlack,Caleb,CAN,16,"2004-06-10 00:00:00",91323,9101193,"1 / (1)",11.81
495,Städler,Jonas,SUI,,,98319,,"1 / (1)",11.48
496,Knellwolf,Andrin,SUI,,,92982,9510508,"1 / (1)",11.25
497,Paunonen,Arttu,FIN,,,97146,,"1 / (1)",11.25
498,Levy,Griffin,CAN,,,93631,9101210,"1 / (1)",11.05
499,"Steen Ahlstrom",Oliver,NOR,,,99324,,"2 / (2)",10.86
500,Hagen,"Ole Christian",NOR,25,"1995-06-07 00:00:00",81726,,"1 / (1)",10.75
501,Gudmundsson,"Astvaldur Ari",ISL,,,99042,,"1 / (1)",10.67
502,Sakamoto,Rento,JPN,,,95300,,"1 / (1)",10.35
503,Fantuz,Dawson,CAN,,,96214,9101078,"1 / (1)",10.29
504,Eibl,Maxwell,CAN,,,97856,9101223,"1 / (1)",10.09
505,Willemsen,Jesse,NED,,,98443,,"1 / (1)",10.08
506,Rokosh,Max,CAN,,,91990,9101145,"1 / (1)",10.06
507,Vasarajs,Arturs,LAT,,,88756,1554987,"1 / (1)",10.02
508,Barth,Ivan,ARG,,,99143,,"2 / (2)",9.97
509,Burch,Dario,SUI,23,"1997-03-15 00:00:00",82504,9510348,"1 / (1)",9.84
510,Yin,Kai,FIN,,,100607,,"1 / (1)",9.63
511,Pardo,Falcundo,ARG,,,94370,9030117,"1 / (1)",9.62
512,Roberts,Ocean,AUS,19,"2001-03-06 00:00:00",92306,9040263,"2 / (2)",9.59
513,Burns,Owen,CAN,17,"2003-05-11 00:00:00",92619,9101056,"1 / (1)",9.55
514,"Garcia Sune",Manel,AND,,,100855,,"1 / (1)",9.35
515,Zabela,Siarhei,BLR,,,100833,,"1 / (1)",9.28
516,Thoroddsson,"Arnor Dagur",ISL,,,100025,9250061,"1 / (1)",9.28
517,Fujiya,Ryoji,JPN,,,95431,9300935,"1 / (1)",8.85
518,Argue,Chase,CAN,,,99356,,"1 / (1)",8.64
519,Harding,Jimmy,AUS,,,94309,,"1 / (1)",8.63
520,"Dale Nyqvist",Alexander,NOR,,,100438,,"1 / (1)",8.33
521,Marchesi,Luis,SUI,,,98607,,"1 / (1)",8.20
522,Cigovski,Maksim,MKD,,,100623,,"1 / (1)",8.19
523,Koppenberg,Luca,SUI,,,91730,9510477,"1 / (1)",8.03
524,Klapfenberger,Tobias,GER,,,98007,,"1 / (1)",8.02
525,Moon,Jaxson,USA,,,98937,,"2 / (2)",7.68
526,Ostergaard,Maximilian,DEN,,,100066,,"1 / (1)",7.66
526,Authier,Mathis,FRA,,,100702,,"1 / (1)",7.66
528,Iivonen,Martti,FIN,,,93962,,"1 / (1)",7.53
529,Chen,Vinson,AUS,,,92299,9040300,"2 / (2)",7.52
530,Okajima,Daia,JPN,,,96714,9300969,"1 / (1)",7.35
531,Eckert,Coltan,CAN,17,"2003-10-06 00:00:00",94849,,"1 / (1)",7.32
532,Steed,Jackson,CAN,,,96312,,"1 / (1)",7.26
533,"Ulseth Sylte",Vegard,NOR,,,100615,,"1 / (1)",7.10
534,Vargdal,Sigurd,NOR,,,95251,9420162,"1 / (1)",7.00
535,Ok,Ho-gwang,KOR,22,"1998-03-23 00:00:00",91107,9320118,"1 / (1)",7.00
536,"Da Cruz Antequera",Mario,AND,,,92759,9020043,"1 / (1)",6.91
537,Olafsson,"Stefan Jon",ISL,,,100024,9250072,"1 / (1)",6.69
538,Baumann,Moreno,SUI,,,93664,9510462,"1 / (1)",6.56
539,Asmundsson,"Einar Agust",NOR,,,95134,,"1 / (1)",6.51
540,He,Wei,CHN,,,99703,,"1 / (1)",6.15
541,Zverina,Petr,CZE,,,94191,,"1 / (1)",6.15
542,Brown,Nayte,CAN,,,99362,,"1 / (1)",5.94
543,Bottcher,Thore,NOR,,,100714,,"1 / (1)",5.89
544,Matsumoto,Sota,JPN,,,99272,,"1 / (1)",5.87
545,Delignieres,Eliott,FRA,,,100071,,"1 / (1)",5.71
545,Martinez,Louis,FRA,,,100545,,"1 / (1)",5.71
547,Sigfusson,"Bjorn Andri",ISL,,,99032,,"1 / (1)",5.48
548,Wang,Liwen,CHN,,,96903,1124984,"1 / (1)",5.43
549,Lodjinovic,Veljko,SRB,,,100628,,"1 / (1)",5.37
550,Freitas,Jaden,USA,16,"2004-07-20 00:00:00",98018,,"1 / (1)",5.11
551,Brunner,Pawel,SUI,,,99776,,"1 / (1)",4.92
552,Brieze,Markuss,LAT,,,88865,,"1 / (1)",4.91
553,Broadbent,Noel,SUI,,,98361,,"1 / (1)",4.80
554,"Gaulin Sorensen",Theodor,NOR,,,100716,,"1 / (1)",4.69
555,Nakai,Hiroto,JPN,,,98168,,"1 / (1)",4.67
556,"Barcons Antunes",Max,AND,,,100856,,"1 / (1)",4.55
557,Sigurdsson,"Oddur Vilberg",ISL,,,95748,9250002,"1 / (1)",4.32
558,MacAulay,Spencer,CAN,,,96170,9101034,"1 / (1)",4.18
559,Hrstka,Ladislav,CZE,18,"2001-11-14 00:00:00",81043,9150165,"2 / (2)",3.83
560,Thieffenat,Tim,FRA,,,100073,,"1 / (1)",3.79
560,Naskov,Kiril,MKD,,,101043,,"1 / (1)",3.79
560,Leleu,Achille,FRA,,,100699,,"1 / (1)",3.79
563,Arshinov,Platon,RUS,,,100238,,"1 / (1)",3.55
563,Avtaneev,Nikita,RUS,25,"1995-03-09 00:00:00",86316,9480374,"1 / (1)",3.55
565,McHatten,Colton,CAN,,,100476,,"1 / (1)",3.45
566,"Sjurseth Berg",Petter,NOR,,,88822,,"1 / (1)",3.43
567,Pickard,Andrew,BEL,,,98309,,"1 / (1)",3.20
568,Haraldsson,"Hlynur Atli",ISL,,,99044,,"1 / (1)",3.20
569,Miskiman,Sean,CAN,20,"2000-05-03 00:00:00",87792,9100751,"1 / (1)",3.05
570,Tomabechi,Shu,JPN,,,100598,,"1 / (1)",2.92
571,Layzell,Chase,CAN,19,"2001-11-07 00:00:00",92549,9100899,"1 / (1)",2.77
572,Seljenes,Liam,NOR,,,94622,,"1 / (1)",2.33
573,Gipiskis,Jonas,LTU,,,100094,1783075,"1 / (1)",2.32
574,Sandblom,Shayne,USA,,,97832,9531481,"1 / (1)",2.27
575,"Lopez Arruebo",Xavier,AND,,,92757,9020040,"1 / (1)",2.25
576,Holzinger,Dominik,AUT,,,97724,9050175,"1 / (1)",2.17
577,Marteinsson,"Magnthor Oddur",ISL,,,98281,9250022,"1 / (1)",2.11
578,Frey,Emil,GER,,,98658,,"1 / (1)",1.97
579,Rodriguez,Joaquin,ARG,,,94365,9030118,"1 / (1)",1.89
580,Joensuu,Topias,FIN,,,96438,,"1 / (1)",1.78
581,Schroeter,Gion,SUI,,,98363,,"1 / (1)",1.64
582,Gustaffson,"Tim Olof",NOR,,,99328,,"1 / (1)",1.54
583,Mukai,Kaito,JPN,,,95180,,"1 / (1)",1.46
584,Lech-Hernes,Leonard,NOR,,,100437,,"1 / (1)",1.16
585,Petursson,"Ivan Otri",ISL,,,100023,,"1 / (1)",1.04
