lastName, firstName, position, points, sponsors, age, nationality, nationality_full, stance, height, residence, resort, website, facebook, twitter, rider_concat_id, 
Gerard,  Redmond, 1, 882.98, Burton Snowboards | Celtek | Mountain Dew | Von Zipper | Wend Wax | Woodward Copper | , 20, USA, united states, Regular, 5ft.4in., Silverthorne, Copper, www.redgerard.net, www.facebook.com/redgerard, www.twitter.com/@RedmondGerard, redmondgerardusa, 
Henricksen,  Dusty, 2, 802.33, , , USA, united states, , , , , , , , dustyhenricksenusa, 
Sharpe,  Darcy, 3, 712.43, air hole | Burton Snowboards | Dyra | Electric | Monster Energy | Showcase | Whister Valley | , 24, CAN, canada, Regular, 6 ft, Comox, Mount Washington| on Vancouver Island, , darcy sharpe, www.twitter.com/darcysharpe, darcysharpecan, 
Sandbech,  Staale, 4, 694.09, Junkyard | Monster Energy | Rome | , 27, NOR, norway, Goofy, 178cm, Oslo, kirkerudbakken, Instagram: @stalesandbech, Facebook.com/stalesandbech, www.twitter.com/@stalesandbech, staalesandbechnor, 
Henkes,  Justus, 5, 690.63, Celtek | Mammoth Mountain | Red Bull | Salomon | , 19, USA, united states, Regular, 5ft.1in., La Jolla, Mammoth Mountain, instagram: @juddhenkes, instagram: @juddhenkes, www.twitter.com/@juddhenkes, justushenkesusa, 
Farrell,  Lyon, 6, 677.55, , 21, USA, united states, Regular, 5ft.8in., , , , lyonfarrell, , lyonfarrellusa, 
Crouch,  Brock, 7, 671.53, Burton Snowboards | Dragon | Mammoth Mountain | Red Bull | US Snowboarding | , 21, USA, united states, Regular, 5ft.9in., Carlsbad, Mammoth Mountain, , brockcrouch99, , brockcrouchusa, 
Thorgren,  Sven, 8, 620.76,  | , 26, SWE, sweden, Regular, 173cm, Bro, Kläppen, www.sventhorgren.com, www.facebook.com/sven.thorgren, www.twitter.com/@SvenThorgren, sventhorgrenswe, 
Corning,  Chris, 9, 613.58, Never Summer | Rockstar | US Snowboarding | , 21, USA, united states, Goofy, , Silverthorne, , , , , chriscorningusa, 
McMorris,  Mark, 10, 610.91, Burton Snowboards | Nike | Red Bull | ROYAL BANK OF CANADA | Skullcandy | , 26, CAN, canada, Regular, 5ft.11in., Regina, Whistler, www.markmcmorris.com, markleemcmorris, www.twitter.com/markmcmorris, markmcmorriscan, 
Kunitake,  Hiroaki, 11, 608.87, Ride Snowboards | Smith | , 18, JPN, japan, Goofy, , , , , , , hiroakikunitakejpn, 
Winkelmann,  Luke, 12, 595.43, Burton Snowboards | , 19, USA, united states, Regular, , Blowing Rock, , , , , lukewinkelmannusa, 
Tobita,  Ruki, 13, 589.94, , 21, JPN, japan, , , , , , , , rukitobitajpn, 
Roisland,  Mons, 14, 561.65, DC | Sweet Protection | , 23, NOR, norway, Regular, 180cm, Høvik, Kirkerudbakken, , Mons Røisland, , monsroislandnor, 
Brearley,  Liam, 15, 558.96,  | , 17, CAN, canada, Goofy, , Gravenhurst, , , , , liambrearleycan, 
Kimata,  Ryoma, 16, 557.71, , 18, JPN, japan, , , , , , , , ryomakimatajpn, 
Bergrem,  Torgeir, 17, 546.31,  | , 29, NOR, norway, Goofy, 178, Trondheim, Vassfjellet| Norway, @torgeirbergrem, , , torgeirbergremnor, 
Hamada,  Kaito, 18, 538.85, , 21, JPN, japan, Goofy, , , , , , , kaitohamadajpn, 
Kadono,  Yuki, 19, 534.03, Red Bull | Ride Snowboards | , 24, JPN, japan, Regular, , Tokyo, , , , , yukikadonojpn, 
Rinnekangas,  Rene, 20, 524.5, , 21, FIN, finland, Regular, 168cm, , , , , , renerinnekangasfin, 
Kawakami,  Aoto, 21, 513.03, , 16, JPN, japan, Regular, , , , , , , aotokawakamijpn, 
Tischendorf,  Fridtjof, 22, 511.91, Quiksilver | , 23, NOR, norway, Regular, 187 cm, Hoenefoss, Ringkollen Norway. www.ringkollenparken.no, Instagram : fridtjof_st, , , fridtjoftischendorfnor, 
Smits,  Seppe, 23, 506.19, Absolut Park | Red Bull | , 29, BEL, belgium, Goofy, 180, Westmalle, We have no mountains :), , https://www.facebook.com/pages/Seppe-Smits/218187294872688?fref=ts, , seppesmitsbel, 
Ciccarelli,  Michael, 24, 504.41, Anon Optics | Burton Snowboards | , 24, CAN, canada, Goofy, 5 feet 8 inches, Ancaster, Mount St. Louis Moonstone & Georgian Peaks, , www.facebook.com/MikeyJCiccarelli, www.twitter.com/@mikeyciccarelli, michaelciccarellican, 
Spalding,  Cam, 25, 502.11, , , CAN, canada, , , , , , , , camspaldingcan, 
Mack,  Kyle, 26, 500.13, Rockstar | US Snowboarding | , 23, USA, united states, Goofy, 6 feet, W. Bloomfield, Alpine Valley| Breckenridge, , , www.twitter.com/@_kylemack, kylemackusa, 
Van Der Velden,  Niek, 27, 489.61, , 20, NED, ned, Regular, , , , , , , niekvan der veldenned, 
Khadarin,  Vlad, 28, 486.88,  | , 22, RUS, russian federation, Regular, 178, Gironico, Madonna di Campiglio| Italy, , Vlad Khadarin, , vladkhadarinrus, 
Collins,  Tiarn, 29, 486.71, DC | RADGLOVES | Smith | Union Bindings | , 21, NZL, new zealand, Goofy, , Queenstown, , , , , tiarncollinsnzl, 
Thoenen,  Moritz, 30, 458.91, Dragon | Transform Gloves | Union Bindings | , 23, SUI, switzerland, Regular, 182 cm, Hilterfingen, Grindelwald First, , , , moritzthoenensui, 
Huber,  Nicolas, 31, 445.32, , 25, SUI, switzerland, , , , , , , , nicolashubersui, 
Gjerdalen,  Bendik, 32, 444.86, Dragon | Union Bindings | , 22, NOR, norway, Regular, , Hønefoss, , , , , bendikgjerdalennor, 
Buffey,  William, 33, 444.21, Burton Snowboards | Swix | , 18, CAN, canada, Goofy, , Toronto, , , , , williambuffeycan, 
Retzlaff,  Dave, 34, 442.21, , , USA, united states, , , , , , , , daveretzlaffusa, 
Fitzsimons,  Sean, 35, 439.77, Dakine | Doug´s Hood River | Gnu | Mt Hood Meadows | Spy | , 20, USA, united states, Regular, 5ft.2in., Hood River, Mt Hood, , https://www.facebook.com/sean.fitzsimons.184?fref=ts, , seanfitzsimonsusa, 
Kleivdal,  Stian, 36, 438.82, Billabong | Dragon | K2 Snowboarding | , 23, NOR, norway, Regular, 178, Geilo, Geilo, https://www.facebook.com/stianskleivdal/, , , stiankleivdalnor, 
Jacob,  Legault, 37, 436.45, , , CAN, canada, , , , , , , , legaultjacobcan, 
Chomlack,  Jadyn, 38, 435.06, , 18, CAN, canada, , , , , , , , jadynchomlackcan, 
Boesiger,  Jonas, 39, 433.71, DC | Hae | Level | Smith | Union Bindings | , 25, SUI, switzerland, Regular, , Oberarth, , www.jonasboesiger.com, https://www.facebook.com/jonasboesigercom, , jonasboesigersui, 
Bullock-Womble,  Fynn, 40, 433.16, , , USA, united states, , , , , , , , fynnbullock-wombleusa, 
Jobin,  Francis, 41, 422.25, , 22, CAN, canada, Regular, , , , , , , francisjobincan, 
Kleveland,  Marcus, 42, 412.1,  | , 21, NOR, norway, Goofy, 172, DombÅs, Dombås Skiheiser, instagram.com/marcuskleveland, https://www.facebook.com/MarcusKleveland/, , marcusklevelandnor, 
Rowe,  Storm, 43, 409.57, , 20, USA, united states, Regular, , , Mt Snow| VT, , , , stormroweusa, 
Jarvis,  Carter, 44, 408.75, Analog | Burton Snowboards | , 21, CAN, canada, Regular, 5ft.9in., Calgary, Whistler Blackcomb, Instagram.com/carterjarviss, , , carterjarviscan, 
Lauzi,  Emiliano, 45, 405.2, Drake | Northwave | Picture | Santa Cruz | , 26, ITA, italy, Goofy, , Milano, , , , , emilianolauziita, 
Kirkhus,  Oyvind, 46, 400.0, , , NOR, norway, , , , , , , , oyvindkirkhusnor, 
Vicktor,  Noah, 47, 399.56, Hae | Level | Salomon | Smith | SVD | , 19, GER, germany, Goofy, , , , , , , noahvicktorger, 
Finestone,  Finn, 48, 398.63, , 17, CAN, canada, , , , , , , , finnfinestonecan, 
Hasegawa,  Taiga, 49, 397.63, , , JPN, japan, , , , , , , , taigahasegawajpn, 
Rehnberg,  Mikko, 50, 396.17, Ride Snowboards | , 23, FIN, finland, Regular, , Kuopio, , , , , mikkorehnbergfin, 
Jarvilehto,  Kalle, 51, 394.44, Iso-Syöte Snowpark | , 25, FIN, , Regular, 181 cm, Espoo, Iso-Syöte| Finland, www.instagram.com/kallejarvilehto/, www.facebook.com/kallejarvilehtofficial/, , kallejarvilehtofin, 
Canter,  Jake, 52, 381.19, , 17, USA, , , , Evergreen, , , , , jakecanterusa, 
Ulstein,  Isak, 53, 380.49, Anon Optics | Burton Snowboards | , 22, NOR, , Regular, 1|79 cm, Royken, Oslo Vinterpark and Kirkerud, Isak Ulstein at Instagram, Isak Ulstein, , isakulsteinnor, 
Tveiten,  Sindre, 54, 376.33, , 22, NOR, , Goofy, 190, , Hovden, , Sindre Tveiten, , sindretveitennor, 
Framarin,  Loris, 55, 375.94, , 22, ITA, , , , , , , , , lorisframarinita, 
Cox,  Matthew, 56, 369.13, , 22, AUS, , Regular, 5.11ft., Stanwell Park, Perisher Blue, , , , matthewcoxaus, 
MacDougall,  Jack, 57, 365.42, , 19, CAN, , Regular, 5ft.6in., , Nitehawk, , , , jackmacdougallcan, 
Stassel,  Ryan, 58, 358.24, Bolle | US Snowboarding | , 28, USA, , Regular, 5ft. 11in., Anchorage, Alyeska Resort and Boreal, @RyanStassel, www.facebook.com/RyanStassel, , ryanstasselusa, 
Millauer,  Clemens, 59, 358.19, Absolut Park | Anon Optics | Burton Snowboards | , 25, AUT, , Regular, , Molln, , , , , clemensmillaueraut, 
Taklo,  Johannes, 60, 354.87, , , NOR, , , , , , , , , johannestaklonor, 
Watanabe,  Rikuto, 61, 354.67, , , JPN, , , , , , , , , rikutowatanabejpn, 
Smith,  Truth, 62, 353.26, , 16, CAN, , , , , , , , , truthsmithcan, 
Modesti,  Michael, 63, 350.35, , 19, CAN, , , , , , , , , michaelmodestican, 
Gill,  Liam, 64, 348.18, , 17, CAN, , , , , , , , , liamgillcan, 
McCormick,  Matt, 65, 345.89, Salomon | TSA | , 23, GBR, , Regular, , Glasgow, , , , , mattmccormickgbr, 
Yamada,  Yuto, 66, 343.37, , , JPN, , , , , , , , , yutoyamadajpn, 
Parrot,  Max, 67, 341.23, Monster Energy | Nobaday | , 26, CAN, , Goofy, 5ft.11, Bromont, Bromont, www.instagram.com/maxparrot, www.facebook.com/MaxenceParrot, www.twitter.com/MaxParrot, maxparrotcan, 
Comeau,  Lucas, 68, 341.15, , 18, CAN, , Goofy, , Calgary, Canada Olympic Park| Calgary, instagram.com/lucascomeau_, , , lucascomeaucan, 
Eckhoff,  Mathias, 69, 340.74, Dragon | , 21, NOR, , Regular, 176 cm, Østerås, Tryvann, , Mathias Eckhoff, , mathiaseckhoffnor, 
Otsuka,  Takeru, 70, 340.14, Burton Snowboards | , 19, JPN, , , , Atsugi, , , , , takeruotsukajpn, 
Laframboise,  Nicolas, 71, 340.08, , 20, CAN, , , , , , , , , nicolaslaframboisecan, 
Goulet,  Hunter, 72, 338.39, Burton Snowboards | , 16, USA, , Goofy, 5ft.8, , Park City, instagram@huntergoulet, , , huntergouletusa, 
Demchuck,  Keenan, 73, 334.1, , , CAN, , , , , , , , , keenandemchuckcan, 
Vilhelmsson,  Baldur, 74, 332.27, , , ISL, , , , , , , , , baldurvilhelmssonisl, 
Toutant,  Sebastien, 75, 331.97, O'Neill | Red Bull | Ride Snowboards | , 28, CAN, , Goofy, 5ft.6in., Repentigny, Val St-Come, , , , sebastientoutantcan, 
Davern,  Mitchell, 76, 328.89, , 18, NZL, , , , Auckland, , , , , mitchelldavernnzl, 
Wolf,  Casper, 77, 328.04, Protest | Salomon | , 19, NED, , , , , , , , , casperwolfned, 
Fricz,  Botond Istvan, 78, 323.46, , 19, HUN, , , , , , , , , botond istvanfriczhun, 
Vockensperger,  Leon, 79, 322.55, Anon Optics | Burton Snowboards | , 21, GER, , Regular, 1|80 m, , , https://www.instagram.com/leonvockensperger/, https://m.facebook.com/Leon-Vockensperger-124671481205598/, , leonvockenspergerger, 
Mathisen,  William, 80, 322.33, , , SWE, , , , , , , , , williammathisenswe, 
Garcia Knight,  Carlos, 81, 312.1, Burton Snowboards | Mons Royale | , 23, NZL, , Regular, 5ft.10, Christchurch, Cardrona Alpine Resort, instagram.com/carlosgk, https://www.facebook.com/CarlosGarciaKnight, www.twitter.com/carlosgk_, carlosgarcia knightnzl, 
Izzard,  William, 82, 312.04, , 23, CAN, , , , , , , , , williamizzardcan, 
Laesser,  Martin, 83, 310.15, , 22, SUI, , , , , , , , , martinlaessersui, 
Menzies,  Dane, 84, 309.56, , 15, CAN, , , , , , , , , danemenziescan, 
Stevens,  Liam, 85, 308.7, , 23, CAN, , , , , , , , , liamstevenscan, 
Koven,  Sam, 86, 304.01, , 19, CAN, , , , , , , , , samkovencan, 
Matveev,  Mikhail, 87, 300.9, , 24, RUS, , Goofy, , , , , https://www.facebook.com/misha.matveev.940, , mikhailmatveevrus, 
Guetl,  Leon, 88, 300.0, , 19, GER, , , , , , , , , leonguetlger, 
Vandeweyer,  Stef, 89, 299.3, Dakine | TSG | 686 | , 21, BEL, , Goofy, , Meerhout, , , , , stefvandeweyerbel, 
Lee,  Minsik, 90, 296.68, Burton Snowboards | , 20, KOR, , Regular, 168cm, Kyounggi-Do, , , , , minsikleekor, 
Schaerer,  Michael, 91, 296.61,  | , 23, SUI, , Regular, 185, Spiez, Grindelwald, , https://www.facebook.com/michael.scharer.58, , michaelschaerersui, 
Skjomming,  Kristian, 92, 295.96, , , NOR, , , , , , , , , kristianskjommingnor, 
Healy,  Will, 93, 292.22, Burton Snowboards | Giro | , 18, USA, , Regular, , , , , , , willhealyusa, 
Massitti,  Mateo, 94, 291.78, , 19, CAN, , Goofy, , , , , , , mateomassittican, 
Hrones,  Jakub, 95, 290.97, , , CZE, , , , , , , , , jakubhronescze, 
Jaros,  Samuel, 96, 289.28, , , SVK, , , , , , , , , samueljarossvk, 
Groterud,  Magnus, 97, 288.04, , , NOR, , , , , , , , , magnusgroterudnor, 
Frijns,  Joewen, 98, 287.32, , , BEL, , , , , , , , , joewenfrijnsbel, 
Adams,  Gabriel, 99, 285.49, Endeavor | , 17, GBR, , Goofy, , , , , , , gabrieladamsgbr, 
Otsubo,  Shuzaburo, 100, 283.11, , 17, JPN, , , , , , , , , shuzaburootsubojpn, 
Kristjansson,  Marino, 101, 281.04, , 19, ISL, iceland, Goofy, 148 cm, Reykjavik, Blue Mountain, , , , marinokristjanssonisl, 
Lecroy,  Kolman, 102, 280.71, , , USA, united states, , , , , , , , kolmanlecroyusa, 
Katko,  Grey, 103, 280.32, , , USA, united states, , , , , , , , greykatkousa, 
Kautonen,  Valtteri, 104, 279.3, , , FIN, finland, , , , , , , , valtterikautonenfin, 
Vik,  Sebastian, 105, 267.4, , , NOR, norway, , , , , , , , sebastianviknor, 
De Sloover,  Jules, 106, 267.3, , , BEL, belgium, , , , , , , , julesde slooverbel, 
Fitzgerald,  Tj, 107, 267.18, , 19, USA, united states, Regular, , Stratton, Stratton VT, , , , tjfitzgeraldusa, 
Ogiwara,  Hiroto, 108, 267.04, , , JPN, japan, , , , , , , , hirotoogiwarajpn, 
Inamura,  Keita, 109, 266.67, , 23, JPN, japan, Regular, 169cm, Fuso-Cho|Niwa-Gun|Aichi, , , , , keitainamurajpn, 
Nevakivi,  Aleksi, 110, 265.13,  | , 21, FIN, finland, Goofy, , , , , , , aleksinevakivifin, 
Olimstad,  Markus, 111, 262.52, , 26, NOR, norway, Goofy, , Aamli, , , , , markusolimstadnor, 
BARTET,  Titouan, 112, 261.89,  | , 20, FRA, france, Regular, , Laval, , , , , titouanbartetfra, 
Lewis,  Tyson, 113, 260.63, , 14, CAN, canada, , , , , , , , tysonlewiscan, 
Ethier,  Louis, 114, 259.96, , 14, CAN, canada, , , , , , , , louisethiercan, 
Groeneveld,  Kai, 115, 259.13, , 16, NED, ned, Regular, , , , , , , kaigroeneveldned, 
Rohrt,  Odin, 116, 258.41, , 15, NOR, norway, Goofy, , , , , , , odinrohrtnor, 
Okubo,  Yuri, 117, 255.17, , 20, JPN, japan, , , Sappro-Shi?hokkaido, , , , , yuriokubojpn, 
Weaver,  Lane, 118, 252.7, , 17, CAN, canada, , , , , , , , laneweavercan, 
Johnson,  Liam, 119, 251.65, , , USA, united states, , , , , , , , liamjohnsonusa, 
Boggio,  Davide, 120, 251.13, , 21, ITA, italy, , , , , , , , davideboggioita, 
Hofmann,  Patrick, 121, 250.78,  | , 19, SUI, switzerland, Goofy, , , , patrick.notizia.ch/, , , patrickhofmannsui, 
Denham,  Jake, 122, 248.72, , , USA, united states, , , , , , , , jakedenhamusa, 
Junker,  Jonas, 123, 248.13, , 20, SUI, switzerland, Goofy, , , , , , , jonasjunkersui, 
Fridbjornsson,  Benedikt, 124, 247.67, Red Bull | Union Bindings | , 16, ISL, iceland, Regular, 155cm, Akureyri, Hlidarfjall Akureyri, bennif.com, Benni Fridbjornsson, www.twitter.com/Bennif2, benediktfridbjornssonisl, 
Ohashi,  Rikuto, 125, 246.27, , 18, JPN, japan, Goofy, , Sapporo, , , , , rikutoohashijpn, 
Traasdahl Fornes,  Anders, 126, 245.71, , , NOR, norway, , , , , , , , anderstraasdahl fornesnor, 
Su,  Yiming, 127, 243.02, , , CHN, china, , , , , , , , yimingsuchn, 
Yamase,  Kensho, 128, 242.95, , , JPN, japan, , , , , , , , kenshoyamasejpn, 
Frischhut,  Lukas, 129, 241.01, , , AUT, austria, , , , , , , , lukasfrischhutaut, 
Aizawa,  Ryo, 130, 240.74, , , JPN, japan, , , , , , , , ryoaizawajpn, 
Yanez,  Alvaro, 131, 239.17, , 18, CHI, chi, , , , , , , , alvaroyanezchi, 
Kirkevoll,  Embrik, 132, 238.92, , , NOR, norway, , , , , , , , embrikkirkevollnor, 
Vermaat,  Sam, 133, 238.87, , , NED, ned, , , , , , , , samvermaatned, 
Bergman,  Joonas, 134, 238.83, , 20, FIN, finland, , , , , , , , joonasbergmanfin, 
Aragon,  Jose Antonio, 135, 238.76, , , ESP, spain, , , , , , , , jose antonioaragonesp, 
Konijnenberg,  Sebastien, 136, 237.4, Rip Curl | Salomon | , 23, FRA, france, Goofy, , Saint Crépin, Risoul - France, https://www.instagram.com/sebkonijnenberg/, https://www.facebook.com/seb.konijn, , sebastienkonijnenbergfra, 
Giblin,  Parker, 137, 236.94, , , USA, united states, , , , , , , , parkergiblinusa, 
Mekinc,  Naj, 138, 236.93, , , SLO, slo, , , , , , , , najmekincslo, 
Miller,  Nicholas, 139, 236.89, , , USA, united states, , , , , , , , nicholasmillerusa, 
Luckerbauer,  David, 140, 236.84, , 20, AUT, austria, Goofy, , , , , , , davidluckerbaueraut, 
Van Hoof,  Ilias, 141, 236.59, , 21, BEL, belgium, , , Kontich, , , , , iliasvan hoofbel, 
Cockrell,  Billy, 142, 235.28, , 21, GBR, united kingdom, , , Sheffield, , , , , billycockrellgbr, 
De Buck,  Sebbe, 143, 234.73, DC | Giro | Monster Energy | Union Bindings | , 25, BEL, belgium, Goofy, , Zoersel, , , www.facebook.com/sebbedebuckfanpage/?fref=ts, , sebbede buckbel, 
Nagasawa,  Hayato, 144, 232.05, Fanatic | , 18, JPN, japan, Regular, , , , , , , hayatonagasawajpn, 
Gauger,  Wendelin, 145, 231.94, , 20, SUI, switzerland, Regular, 187, Schwyz, Mythepark, , , , wendelingaugersui, 
Valax,  Enzo, 146, 231.26, , 20, FRA, france, , , , , , , , enzovalaxfra, 
Ogasawara,  Senan, 147, 228.68, , , JPN, japan, , , , , , , , senanogasawarajpn, 
Tsuji,  Hinata, 148, 227.8, , , JPN, japan, , , , , , , , hinatatsujijpn, 
Mather,  Samuel, 149, 227.3, , 17, CAN, canada, , , , , , , , samuelmathercan, 
McDermott,  Eli, 150, 226.97, , , USA, united states, , , , , , , , elimcdermottusa, 
Williams,  Max, 151, 226.42, , , USA, united states, , , , , , , , maxwilliamsusa, 
Klebe-Mcculloch,  Dashiell, 152, 224.69, , , CAN, canada, , , , , , , , dashiellklebe-mccullochcan, 
Lee,  Chaeun, 153, 224.56, , , KOR, korea, , , , , , , , chaeunleekor, 
Fujiya,  Ryoji, 154, 222.39, , , JPN, japan, , , , , , , , ryojifujiyajpn, 
Smith,  Ethan, 155, 221.54, Never Summer | , 17, GBR, united kingdom, Goofy, 165cm, Southampton, The Snow Centre at Hemel Hempstead & Kaltenbach AUT, www.Ethan-Smith.com, www.facebook.com/ethansmith0, www.twitter.com/@ethansmith0, ethansmithgbr, 
Nicholson,  Tyler, 156, 221.54, Lib Technologies | Rockstar | Under Armour | , 25, CAN, canada, Regular, , North Bay, , , , , tylernicholsoncan, 
Boll,  Moritz, 157, 221.13,  | , 20, SUI, switzerland, , , , , , , , moritzbollsui, 
Machtans,  Ben, 158, 220.9, , 17, CAN, canada, , , , , , , , benmachtanscan, 
Koenen,  Fynn, 159, 219.77, , , GER, germany, , , , , , , , fynnkoenenger, 
Vaisanen,  Emppu, 160, 217.88, , , FIN, finland, , , , , , , , emppuvaisanenfin, 
Rovensky,  Jan, 161, 217.5, , , CZE, czech republic, , , , , , , , janrovenskycze, 
Lenchevskiy,  Yaroslav, 162, 216.08, , , RUS, russian federation, , , , , , , , yaroslavlenchevskiyrus, 
Wega,  Carter, 163, 215.36, , 13, CAN, canada, , , , , , , , carterwegacan, 
Atno,  Alex, 164, 214.6, , , USA, united states, , , , , , , , alexatnousa, 
Moon,  Jaxson, 165, 214.16, , , USA, united states, , , , , , , , jaxsonmoonusa, 
Larochaix,  Noe, 166, 213.69, , , FRA, france, Regular, , , , , , , noelarochaixfra, 
Breu,  Moritz, 167, 213.54, , 17, GER, germany, Goofy, , , , , , , moritzbreuger, 
Kaufmann,  Moritz, 168, 213.31, , 20, AUT, austria, , , , , , , , moritzkaufmannaut, 
Ferry,  Lucas, 169, 212.97, , , USA, united states, , , , , , , , lucasferryusa, 
Lotorto,  Alessandro Marco, 170, 211.44, , , SUI, switzerland, , , , , , , , alessandro marcolotortosui, 
Riddell,  Evan, 171, 211.2, , 16, CAN, canada, , , , , , , , evanriddellcan, 
Milenkovic,  Matija, 172, 211.04, , 19, SRB, serbia, , , , , , , , matijamilenkovicsrb, 
Chomlack,  Caleb, 173, 211.01, , 16, CAN, canada, , , , , , , , calebchomlackcan, 
Sanzhapov,  Serhii, 174, 210.48, , 15, UKR, ukraine, Regular, , Kiev, , , , , serhiisanzhapovukr, 
Christensson,  Conner, 175, 208.85, , 18, CAN, canada, , , , , , , , connerchristenssoncan, 
Vallieres,  Tyler, 176, 208.6, , , USA, united states, , , , , , , , tylervallieresusa, 
Puenter,  Nick, 177, 208.59, Head | TSG | Zimtstern | , 18, SUI, switzerland, Goofy, , Staefa, , , , , nickpuentersui, 
Lundstroem,  Gustaf, 178, 208.53, Capita | Deeluxe | Sessions | Union Bindings | , 22, SWE, sweden, Goofy, 182cm, , Vallsberget, https://vimeo.com/gustaflundstroem, https://www.facebook.com/gustaf.lundstrom.12, , gustaflundstroemswe, 
Strohmeyer,  Till, 179, 203.74, , 18, AUT, austria, , , Kiefersfelden, , , , , tillstrohmeyeraut, 
Krauskopf,  Tosh, 180, 203.33, , 15, CAN, canada, , , , , , , , toshkrauskopfcan, 
Smelov,  Aleksandr, 181, 203.11,  | , 24, RUS, russian federation, Regular, 176, , Uktus, , https://www.facebook.com/AlexandrSmelov13, , aleksandrsmelovrus, 
Moretti,  Sacha, 182, 203.04, igwis | Quiksilver | Waxx | , 22, FRA, france, Goofy, 1m45, Crots, Hautes-Alpes, , sacha-moretti@hotmail.fr, , sachamorettifra, 
Mork Danielsen,  Sander, 183, 202.75, , , NOR, norway, , , , , , , , sandermork danielsennor, 
Blake,  Wyatt, 184, 202.01, , , USA, united states, , , , , , , , wyattblakeusa, 
Kudo,  Yamato, 185, 200.95, , , JPN, japan, , , , , , , , yamatokudojpn, 
Tongko,  Adrian Lee, 186, 200.07, Salomon | , 24, PHI, phi, Goofy, 177.8CM, Port Coquitlam, Whistler, www.instagram.com/adriantongko/, https://www.facebook.com/adri.on.3, , adrian leetongkophi, 
Miyamura,  Yuto, 187, 199.89, , , JPN, japan, , , , , , , , yutomiyamurajpn, 
Fuser,  Elia Manuel, 188, 199.64, , , ITA, italy, , , , , , , , elia manuelfuserita, 
Kallo,  Sami, 189, 199.23, , , FIN, finland, , , , , , , , samikallofin, 
Teixeira,  Augustinho, 190, 198.57, , , BRA, brazil, , , , , , , , augustinhoteixeirabra, 
Kaku,  Shusei, 191, 198.25, , , JPN, japan, , , , , , , , shuseikakujpn, 
Gray,  Nathan, 192, 196.45, , 19, FRA, france, , , St Martin De Belleville, , , , , nathangrayfra, 
Maffei,  Alberto, 193, 195.8,  | , 25, ITA, italy, Regular, 175 cm, Madonna Di Campiglio, Madonna di Campiglio, , Alberto Maffei, , albertomaffeiita, 
Suzuki,  Atsuhiro, 194, 195.47, , , JPN, japan, , , , , , , , atsuhirosuzukijpn, 
Denda,  Jeremy, 195, 194.94, , , SUI, switzerland, , , , , , , , jeremydendasui, 
Stang,  Karis, 196, 193.36, , , USA, united states, , , , , , , , karisstangusa, 
Brcic,  Dante, 197, 192.27, , , CRO, cro, , , , , , , , dantebrciccro, 
Thelen,  Axel, 198, 191.99, Voelkl | , 23, FIN, finland, Regular, , Helsinki, , , , , axelthelenfin, 
Vo,  Ryan, 199, 190.19, , 16, CAN, canada, , , , , , , , ryanvocan, 
Almqvist,  Gabriel, 200, 189.93, , , SWE, sweden, , , , , , , , gabrielalmqvistswe, 
Freitas,  Jaden, 201, 189.34, , 16, USA, , , , Bend, , , , , jadenfreitasusa, 
Frey,  Leopold, 202, 188.83, , , GER, , , , , , , , , leopoldfreyger, 
Schwan,  Philip, 203, 188.37, Rossignol | Vans | , 20, GER, , Regular, 188, Konolfingen, Grindelwald, , Philip Boby Schwan, , philipschwanger, 
Schmitt,  Matias, 204, 187.09, , , ARG, , , , , , , , , matiasschmittarg, 
Briggs,  Lucas, 205, 183.54, , 16, CAN, , , , , , , , , lucasbriggscan, 
Irarrazaval,  Inaqui, 206, 183.53, , 28, CHI, , , , , , , , , inaquiirarrazavalchi, 
Zulian,  Emil, 207, 182.05, Burton Snowboards | , 23, ITA, , Goofy, 175 cm, Pozza Di Fassa, Buffaure| Pozza di Fassa, , Emilf Zulian, , emilzulianita, 
Fairgrieve-Park,  Kalin, 208, 181.55, , 20, CAN, , , , , , , , , kalinfairgrieve-parkcan, 
Castro,  Jaime, 209, 181.36, , , ESP, , , , , , , , , jaimecastroesp, 
Valles,  Cole, 210, 181.1, , , USA, , , , , , , , , colevallesusa, 
Karhila,  Roni, 211, 180.3, , , FIN, , , , , , , , , ronikarhilafin, 
Morauskas,  Motiejus, 212, 179.64, , , LTU, , , , , , , , , motiejusmorauskasltu, 
Oliver,  Lenny, 213, 179.26, , , FRA, , , , , , , , , lennyoliverfra, 
Petrick,  Ryder, 214, 178.83, , 19, CAN, , , , , , , , , ryderpetrickcan, 
Tyler,  Hayden, 215, 178.77, , , USA, , , , , , , , , haydentylerusa, 
Ironside,  Glen, 216, 178.76,  | , 21, GBR, , Regular, 178 cm, Unterhaching, , , www.facebook.com/pages/Glen-Ironside/436644083074592?fref=ts, , glenironsidegbr, 
Merken,  Julien, 217, 177.83, , , FRA, , , , , , , , , julienmerkenfra, 
Liviero,  Nicola, 218, 176.8,  | , 21, ITA, , Regular, , , , , , , nicolalivieroita, 
Framarin,  Leo, 219, 175.45, , , ITA, , , , , , , , , leoframarinita, 
van Hoeij,  Dylan, 220, 173.75,  | , 16, BEL, , Regular, , Lommel, , , , , dylanvan hoeijbel, 
CHIARADIO DE LA IGLESIA,  Federico, 221, 173.69, , , ARG, , , , , , , , , federicochiaradio de la iglesiaarg, 
Kristjansson,  Egill Gunnar, 222, 171.23, , , ISL, , , , , , , , , egill gunnarkristjanssonisl, 
Lee,  Dongheon, 223, 171.09, , , KOR, , , , , , , , , dongheonleekor, 
Knop,  Kamil, 224, 170.34, , , POL, , , , , , , , , kamilknoppol, 
Landmark,  Jesper, 225, 170.29, Dragon | Gnu | Union Bindings |  | , 21, SWE, , Regular, 178 cm, Leksand, Kläppen Ski Resort, www.vimeo.com/user14726408, Jeppe Landmark, , jesperlandmarkswe, 
Fenning,  Lenny, 226, 170.2, , , GBR, , , , , , , , , lennyfenninggbr, 
Durand,  Alois, 227, 170.16, , 16, GER, , , , , , , , , aloisdurandger, 
Ethier,  Laurent, 228, 169.72, , 41, CAN, , , , , , , , , laurentethiercan, 
Widnig,  Felix, 229, 169.14, Bataleon | , 29, AUT, , Regular, 180, Zlan, Dobratsch, www.instagram.com/flex_snow/, www.facebook.com/flexsnowbo/, , felixwidnigaut, 
Tessand,  Jakob, 230, 168.8, , , NOR, , , , , , , , , jakobtessandnor, 
Brune Olsen,  Anders Johannes, 231, 168.48, , , NOR, , , , , , , , , anders johannesbrune olsennor, 
Murphy,  Keyser, 232, 168.22, , , USA, , , , , , , , , keysermurphyusa, 
Morii,  Miruki, 233, 167.99, , , JPN, , , , , , , , , mirukimoriijpn, 
Hrstka,  Ladislav, 234, 167.91, , 19, CZE, , , , , , , , , ladislavhrstkacze, 
Saijo,  Kazuki, 235, 167.11, , , JPN, , , , , , , , , kazukisaijojpn, 
Lovelock,  Zephyr, 236, 166.83, , , NZL, , , , , , , , , zephyrlovelocknzl, 
Fantuz,  Dawson, 237, 166.47, , 17, CAN, , , , , , , , , dawsonfantuzcan, 
Kaku,  Yusei, 238, 166.28, , , JPN, , , , , , , , , yuseikakujpn, 
Lauffer,  Logan, 239, 166.22, , 18, USA, , Goofy, , Rifle, , , , , loganlaufferusa, 
Tsuji,  Haruhi, 240, 162.53, , , JPN, , , , , , , , , haruhitsujijpn, 
Anishchanka,  Pavel, 241, 161.47, , , BLR, , , , , , , , , pavelanishchankablr, 
Rice,  Brian, 242, 160.66, , , USA, , , , , , , , , brianriceusa, 
Tokarczyk,  Piotr, 243, 159.78, , 29, POL, , Regular, 161, Nowy Targ, tatry, snownt.pl.tl, , , piotrtokarczykpol, 
Keuling,  Brendan, 244, 159.6, , 18, CAN, , , , , , , , , brendankeulingcan, 
Klundt,  Carson, 245, 159.38, , , USA, , , , , , , , , carsonklundtusa, 
Negishi,  Ukyo, 246, 159.37, , , JPN, , , , , , , , , ukyonegishijpn, 
Finnemore,  Samuel, 247, 158.11, , , NZL, , , , , , , , , samuelfinnemorenzl, 
Ershov,  Petr, 248, 157.04, , , RUS, , , , , , , , , petrershovrus, 
Hauschildt,  Kian Christopher, 249, 156.68, , , BRA, , , , , , , , , kian christopherhauschildtbra, 
Kauranen,  Mitja, 250, 156.47, , , FIN, , , , , , , , , mitjakauranenfin, 
Little,  Alec, 251, 156.21, , , USA, united states, , , , , , , , aleclittleusa, 
Nunez,  Jascha, 252, 156.05, , , AUT, austria, , , , , , , , jaschanunezaut, 
Reeves,  Joshua, 253, 155.24, , , CAN, canada, , , , , , , , joshuareevescan, 
Bouchard,  Eli, 254, 154.64, , 12, CAN, canada, , , , , , , , elibouchardcan, 
Scherrer,  Ian, 255, 154.58, , 19, CAN, canada, , , , , , , , ianscherrercan, 
Rodriguez,  Lukas, 256, 154.5, , , ESP, spain, , , , , , , , lukasrodriguezesp, 
Aalto,  Roni, 257, 153.58, , , FIN, finland, , , , , , , , roniaaltofin, 
Klein,  Oskar, 258, 153.22, , 19, CAN, canada, , , , , , , , oskarkleincan, 
Canniccioni,  Julien, 259, 153.19, , 17, CAN, canada, , , , , , , , juliencanniccionican, 
Cantelon,  Jonah, 260, 152.94, , 17, CAN, canada, , , , , , , , jonahcanteloncan, 
Bucher,  Jeremy, 261, 152.87, , , SUI, switzerland, , , , , , , , jeremybuchersui, 
Abe,  Jinichiro, 262, 152.8, , , JPN, japan, , , , , , , , jinichiroabejpn, 
Matteoli,  Ian, 263, 152.61, , , ITA, italy, , , , , , , , ianmatteoliita, 
Cornillat,  Lucas, 264, 152.08, , , FRA, france, , , , , , , , lucascornillatfra, 
Schipani,  Dante, 265, 151.23, , , USA, united states, , , , , , , , danteschipaniusa, 
Obata,  Kaishi, 266, 150.89, , , JPN, japan, , , , , , , , kaishiobatajpn, 
Kimura,  Kira, 267, 150.79, , , JPN, japan, , , , , , , , kirakimurajpn, 
Holtzapfel,  Casper, 268, 150.44, , , NED, ned, , , , , , , , casperholtzapfelned, 
Lunn,  Tobias, 269, 150.15, , , NOR, norway, , , , , , , , tobiaslunnnor, 
Amsuess,  Moritz, 270, 148.97, OutOf Goggles | Rip Curl | Santa Cruz | Santo Loco Shop | , 22, AUT, austria, Goofy, , , , , , , moritzamsuessaut, 
Rygh,  Vetle, 271, 148.91, , , NOR, norway, , , , , , , , vetleryghnor, 
Ganserer,  Jakob, 272, 148.17, , , GER, germany, , , , , , , , jakobgansererger, 
Bastiaansen,  Erik, 273, 147.82, Ride Snowboards | Smith | , 22, NED, ned, Regular, , Terneuzen, , , , , erikbastiaansenned, 
Owczarek,  Krzysztof, 274, 147.06, , , POL, poland, , , , , , , , krzysztofowczarekpol, 
Behensky,  Lukas, 275, 146.78, , , AUT, austria, , , , , , , , lukasbehenskyaut, 
Lamoureux,  Mathis, 276, 146.71, , , CAN, canada, , , , , , , , mathislamoureuxcan, 
Burns,  Owen, 277, 146.1, , 17, CAN, canada, , , , , , , , owenburnscan, 
Bidegain,  Pedro, 278, 145.27, , , ARG, argentina, , , , , , , , pedrobidegainarg, 
Poulin,  Patrice, 279, 145.25, , 20, CAN, canada, , , , , , , , patricepoulincan, 
Foy,  Rakim, 280, 144.94, , 18, NED, ned, , , , , , , , rakimfoyned, 
Pauli,  Stan, 281, 144.81, K2 Snowboarding | , 18, NED, ned, Goofy, , , , , , , stanpaulined, 
Sandblom,  Shayne, 282, 144.5, , , USA, united states, , , , , , , , shaynesandblomusa, 
Waite,  Harrison, 283, 144.37, , , GBR, united kingdom, , , , , , , , harrisonwaitegbr, 
Berger,  Liam, 284, 143.13, , 15, CAN, canada, , , , , , , , liambergercan, 
Merimee Mantovani,  Luca, 285, 143.11, , , FRA, france, , , , , , , , lucamerimee mantovanifra, 
Shirakawa,  Mafuyu, 286, 143.09, , , JPN, japan, , , , , , , , mafuyushirakawajpn, 
Wijnstra,  Thom, 287, 142.86, , , NED, ned, , , , , , , , thomwijnstraned, 
Abozovik,  Nikita, 288, 142.81, , , RUS, russian federation, , , , , , , , nikitaabozovikrus, 
Eibl,  Maxwell, 289, 142.6, , 16, CAN, canada, , , , , , , , maxwelleiblcan, 
Hoffman,  Chris, 290, 141.25, , , RUS, united states, , , , , , , , chrishoffmanusa, 
Jaromin,  Jan, 291, 140.69, , 18, POL, poland, , , Myslowice, , , , , janjarominpol, 
Colebrook,  Aidan, 292, 140.63, , , CAN, canada, , , , , , , , aidancolebrookcan, 
Cavanagh,  Connor, 293, 140.28, , , USA, united states, , , , , , , , connorcavanaghusa, 
Holzinger,  Dominik, 294, 137.98, , , AUT, austria, , , , , , , , dominikholzingeraut, 
Allemand,  Romain, 295, 137.35, , , FRA, france, , , , , , , , romainallemandfra, 
Zawalykut,  Riley, 296, 136.84, , , CAN, canada, , , , , , , , rileyzawalykutcan, 
Almqvist,  William, 297, 136.68, , , SWE, sweden, , , , , , , , williamalmqvistswe, 
Tarakanov,  Igor, 298, 136.39, , , , russian federation, , , , , , , , igortarakanovrus, 
Bosch,  Anthon, 299, 135.28, Burton Snowboards | , 24, RSA, rsa, Regular, 180cm, Transtrand, Kläppen| Sälen, anthonbosch.com, https://www.facebook.com/anthon.bosch, , anthonboschrsa, 
Leleu,  Martin, 300, 135.25, , , FRA, france, , , , , , , , martinleleufra, 
Mork Danielsen,  Jonas, 301, 134.68, , , NOR, norway, , , , , , , , jonasmork danielsennor, 
Prentice,  Raymond, 302, 134.68, , , GBR, united kingdom, , , , , , , , raymondprenticegbr, 
Dibben,  Jace, 303, 134.47, , 19, CAN, canada, , , , , , , , jacedibbencan, 
Kuhar,  Ozbe, 304, 134.18, , , SLO, slo, , , , , , , , ozbekuharslo, 
Toledo,  Antoni, 305, 133.54, , , ESP, spain, , , , , , , , antonitoledoesp, 
Mortenson,  Jared, 306, 133.52, , , USA, united states, , , , , , , , jaredmortensonusa, 
Grassis,  Marcello, 307, 132.61, , , ITA, italy, , , , , , , , marcellograssisita, 
Ju,  Sikyung, 308, 132.37, , , KOR, korea, , , , , , , , sikyungjukor, 
Goebel,  Ethen, 309, 132.36, , , USA, united states, , , , , , , , ethengoebelusa, 
Valjus,  Antti, 310, 131.57, , , FIN, finland, , , , , , , , anttivaljusfin, 
Frischhut,  Paul, 311, 131.43, , , AUT, austria, , , , , , , , paulfrischhutaut, 
Fasola,  Manuel, 312, 131.06, , , ARG, argentina, , , , , , , , manuelfasolaarg, 
Kronlund,  Stian, 313, 130.72, , 18, NOR, norway, Regular, , , , , , , stiankronlundnor, 
Svendsen Tessan,  Jakob, 314, 130.64, , , NOR, norway, , , , , , , , jakobsvendsen tessannor, 
Sukke,  Niklas, 315, 129.99, , , NOR, norway, , , , , , , , niklassukkenor, 
Coyne,  Jack, 316, 129.79, Anon Optics | Burton Snowboards | , 18, USA, united states, Regular, , Edwards, , , , , jackcoyneusa, 
Deutinger,  Maximilian, 317, 129.44, , , AUT, austria, , , , , , , , maximiliandeutingeraut, 
Fornes,  Anders, 318, 129.03, , , NOR, norway, , , , , , , , andersfornesnor, 
Ayoubi,  Hudson, 319, 128.81, , , AUS, australia, , , , , , , , hudsonayoubiaus, 
Wikohika,  Tui, 320, 128.74, , , NZL, new zealand, , , , , , , , tuiwikohikanzl, 
Kawashita,  Jumpei, 321, 128.4, , , JPN, japan, , , , , , , , jumpeikawashitajpn, 
Mouton,  Boris, 322, 128.29, Monster Energy | Vans | , 23, SUI, switzerland, Goofy, 5ft.8in., Bex, Thyon central Camps, , www.facebook.com/boris.mouton, www.twitter.com/borismouton, borismoutonsui, 
Kim,  Gyeonguk, 323, 127.37, Capita | FLUX BINDINGS | 686 | , 19, KOR, korea, Regular, , Changwon, , , , , gyeongukkimkor, 
Kolarevic,  Janko, 324, 127.17, , 23, SRB, serbia, , , , , , , , jankokolarevicsrb, 
D'Astous,  Charles-Eric, 325, 127.07, , 16, CAN, canada, , , , , , , , charles-ericd'astouscan, 
George,  Quentin, 326, 126.81, , 18, CAN, canada, , , , , , , , quentingeorgecan, 
Martin,  Kade, 327, 126.71, , , USA, united states, , , , , , , , kademartinusa, 
Burns,  Henry, 328, 126.17, , 17, CAN, canada, , , , , , , , henryburnscan, 
Reicher,  Felix, 329, 126.0, , , AUT, austria, , , , , , , , felixreicheraut, 
Huuhtanen,  Juhani, 330, 125.85, , , FIN, finland, , , , , , , , juhanihuuhtanenfin, 
Hovde Pettersen,  Adrian, 331, 125.54, , , NOR, norway, , , , , , , , adrianhovde pettersennor, 
Gyosharkov,  Petar, 332, 125.51, , 24, BUL, bul, Regular, , Samokov, , , , , petargyosharkovbul, 
Cielen,  Joshua, 333, 125.43, , 18, CAN, canada, , , , , , , , joshuacielencan, 
Petit,  Noe, 334, 124.89, , , FRA, france, , , , , , , , noepetitfra, 
Cachat,  Juan, 335, 124.59, Vans | , 20, FRA, france, Goofy, , Thollon Les Memises, , , , , juancachatfra, 
Poll,  Bart, 336, 124.3, , , NED, ned, , , , , , , , bartpollned, 
Buchel,  Ben, 337, 124.15, , , CAN, canada, , , , , , , , benbuchelcan, 
Hietikko,  Jere, 338, 123.85, , , FIN, finland, , , , , , , , jerehietikkofin, 
OESTRENG,  Aleksander, 339, 123.27, Hoppipolla | Monster Energy | Rome | , 29, NOR, norway, Regular, 176cm, Rykkinn, Kirkerudbakken and Geilo, , , , aleksanderoestrengnor, 
Hendriks,  Lucas, 340, 123.04, , , NED, ned, , , , , , , , lucashendriksned, 
Boudjelal,  Yannick, 341, 122.43, , 35, DZA, , Goofy, , , , , , , yannickboudjelal, 
Roll,  Bo, 342, 122.31, , , NOR, norway, , , , , , , , borollnor, 
Mattsson,  Niklas, 343, 122.15, Colour Wear | Dragon | Rome | Transform Gloves | , 28, SWE, sweden, Regular, 186cm, Sundsvall, Sidelake, , , , niklasmattssonswe, 
Heflin,  Bodie, 344, 121.34, , , USA, united states, , , , , , , , bodieheflinusa, 
Frey,  Emil, 345, 121.25, , , GER, germany, , , , , , , , emilfreyger, 
Venderotte,  Tom, 346, 121.14, , 19, FRA, france, , , , , , , , tomvenderottefra, 
Salac,  Kristian, 347, 121.0, , , CZE, czech republic, , , , , , , , kristiansalaccze, 
Shambo,  Grant, 348, 120.93, , , USA, united states, , , , , , , , grantshambousa, 
Hensold,  Nanno, 349, 120.9, , , GER, germany, , , , , , , , nannohensoldger, 
Moreno,  Valentin, 350, 120.76, , , ARG, argentina, , , , , , , , valentinmorenoarg, 
Eckert,  Luis, 351, 120.72, , 24, GER, germany, Goofy, , , , , , , luiseckertger, 
Gifford,  Morris, 352, 120.15, , , USA, united states, , , , , , , , morrisgiffordusa, 
He,  Wei, 353, 119.96, , , CHN, china, , , , , , , , weihechn, 
Huber,  Niklas, 354, 119.93, , 16, GER, germany, , , , , , , , niklashuberger, 
Marchiel,  Corben, 355, 119.4, , , CAN, canada, , , , , , , , corbenmarchielcan, 
MacAulay,  Spencer, 356, 119.34, , 17, CAN, canada, , , , , , , , spencermacaulaycan, 
Fox,  Nick, 357, 118.24, , , USA, united states, , , , , , , , nickfoxusa, 
Sigel,  Gus, 358, 118.21, , , USA, united states, , , , , , , , gussigelusa, 
Carr,  Kyle, 359, 118.19, , 17, CAN, canada, , , , , , , , kylecarrcan, 
Kelly,  Connor, 360, 117.54, , 14, CAN, canada, , , , , , , , connorkellycan, 
Lee,  Hyun-Jun, 361, 117.32, , , KOR, korea, , , , , , , , hyun-junleekor, 
Chemodurov,  Yuriy, 362, 117.29, , 30, RUS, russian federation, Goofy, , Yushno-Sakhalinsk, , , , , yuriychemodurovrus, 
Minamiya,  Hanato, 363, 116.81, , , JPN, japan, , , , , , , , hanatominamiyajpn, 
Ceron,  Diego, 364, 116.72, , 27, CHI, chi, , , , , , , , diegoceronchi, 
Biele,  Gian Andrin, 365, 116.55, 015 Boards & Lifestyle | , 17, SUI, switzerland, , , Stallikon, LAAX, , , , gian andrinbielesui, 
Sakaue,  Hinata, 366, 116.49, , , JPN, japan, , , , , , , , hinatasakauejpn, 
Fejgl,  Samuel, 367, 115.36, , , CZE, czech republic, , , , , , , , samuelfejglcze, 
Liu,  Haoyu, 368, 115.24, , , CHN, china, , , , , , , , haoyuliuchn, 
Gray,  Charles, 369, 115.18, , , USA, united states, , , , , , , , charlesgrayusa, 
Bulat,  Stephan, 370, 115.0, , , CAN, canada, , , , , , , , stephanbulatcan, 
Baskakov,  Ilia, 371, 114.83, , , RUS, russian federation, , , , , , , , iliabaskakovrus, 
Zaczyk,  MacIej, 372, 114.15, , , POL, poland, , , , , , , , maciejzaczykpol, 
Ney,  Oscar, 373, 113.86, , , FRA, france, , , , , , , , oscarneyfra, 
Schiele,  Donovan, 374, 113.23, , , CAN, canada, , , , , , , , donovanschielecan, 
Horky,  Vojtech, 375, 112.61, , , CZE, czech republic, , , , , , , , vojtechhorkycze, 
Patronen,  Roope, 376, 111.92, , , FIN, finland, , , , , , , , roopepatronenfin, 
Ishida,  Eito, 377, 111.69, , , JPN, japan, , , , , , , , eitoishidajpn, 
Muranaka,  Kosuke, 378, 111.57, , , JPN, japan, , , , , , , , kosukemuranakajpn, 
Allen,  Jeremy, 379, 110.87, , 18, CAN, canada, , , , , , , , jeremyallencan, 
Teimurov,  Mark, 380, 110.57, , 23, RUS, russian federation, , , , , , , , markteimurovrus, 
Kikas,  Marten, 381, 109.82, , , EST, estonia, , , , , , , , martenkikasest, 
Layzell,  Chase, 382, 109.46, , 19, CAN, canada, , , , , , , , chaselayzellcan, 
Watson,  Noah, 383, 109.45, , 15, CAN, canada, , , , , , , , noahwatsoncan, 
Berdal Holm,  Jonas, 384, 109.33, , , NOR, norway, , , , , , , , jonasberdal holmnor, 
Kropov,  Volodymyr, 385, 109.26, , , UKR, ukraine, , , , , , , , volodymyrkropovukr, 
Virsunen,  Juho, 386, 109.13, , , FIN, finland, , , , , , , , juhovirsunenfin, 
Steele,  Sunny, 387, 108.94, , 17, AUS, australia, , , , , , , , sunnysteeleaus, 
Granli-Sommerud,  Andreas, 388, 108.63, , , NOR, norway, , , , , , , , andreasgranli-sommerudnor, 
ROBERTSON-HAHN,  Joshua, 389, 108.58, , , AUS, australia, , , , , , , , joshuarobertson-hahnaus, 
Salleras,  Narcis, 390, 107.56, , , ESP, spain, , , , , , , , narcissallerasesp, 
Won,  Youngkyo, 391, 107.19, , , KOR, korea, , , , , , , , youngkyowonkor, 
Brown,  Nayte, 392, 106.66, , , CAN, canada, , , , , , , , naytebrowncan, 
Jablonski,  Max, 393, 106.58, , 16, CAN, canada, , , , , , , , maxjablonskican, 
Mostovoi,  Konstantin, 394, 106.39, , , RUS, russian federation, , , , , , , , konstantinmostovoirus, 
Kervinen,  Nooa, 395, 106.08, , , FIN, finland, , , , , , , , nooakervinenfin, 
Hlynsson,  Reynar, 396, 105.75, , , ISL, iceland, , , , , , , , reynarhlynssonisl, 
McCorrister,  Maddox, 397, 105.66, , 10, CAN, canada, , , , , , , , maddoxmccorristercan, 
Lane,  Charlie, 398, 105.36, , , GBR, united kingdom, , , , , , , , charlielanegbr, 
Gao,  Xuesong, 399, 105.32, , , CHN, china, , , , , , , , xuesonggaochn, 
Eckert,  Coltan, 400, 105.23, , 17, CAN, canada, , , , , , , , coltaneckertcan, 
Miskiman,  Sean, 401, 105.02, , 20, CAN, canada, Regular, , Calgary, , , , , seanmiskimancan, 
Mukai,  Kaito, 402, 104.52, , , JPN, japan, , , , , , , , kaitomukaijpn, 
Pentecote,  Eliot, 402, 104.52, , , FRA, france, , , , , , , , eliotpentecotefra, 
Uehara,  Takuya, 404, 104.19, , 29, JPN, japan, , , , , , , , takuyaueharajpn, 
Pothier,  Xavier, 405, 102.98, , , CAN, canada, , , , , , , , xavierpothiercan, 
Hirai,  Riku, 406, 102.35, , , JPN, japan, , , , , , , , rikuhiraijpn, 
Peeters,  Lorenzo, 407, 102.07, Capita | , , BEL, belgium, Goofy, , , , , , , lorenzopeetersbel, 
Netland,  Walker, 408, 101.91, , , USA, united states, , , , , , , , walkernetlandusa, 
Kamissek,  Luka, 409, 101.65, , , GER, germany, , , , , , , , lukakamissekger, 
Zanka,  Roman, 410, 101.32, , , CZE, czech republic, , , , , , , , romanzankacze, 
Lotz,  Peter, 411, 101.3, , , GER, germany, , , , , , , , peterlotzger, 
Nedielka,  Tadeas, 412, 101.23, , , SVK, slovakia, , , , , , , , tadeasnedielkasvk, 
Haug,  Thorbjorn, 413, 101.02, , , NOR, norway, , , , , , , , thorbjornhaugnor, 
Okajima,  Daia, 414, 100.96, , , JPN, japan, , , , , , , , daiaokajimajpn, 
Matena,  Timon, 415, 100.39, , , CZE, czech republic, , , , , , , , timonmatenacze, 
Harrison,  Tyler, 416, 100.2, , 14, CAN, canada, , , , , , , , tylerharrisoncan, 
Fredlund,  Fredrik, 417, 100.0, , , SWE, sweden, , , , , , , , fredrikfredlundswe, 
Turpeinen,  Tuomas, 418, 99.95, , , FIN, finland, , , , , , , , tuomasturpeinenfin, 
Seo,  Gyeong, 419, 99.59, , , KOR, korea, , , , , , , , gyeongseokor, 
Dovjak,  Eric, 420, 99.47, , , AUT, austria, , , , , , , , ericdovjakaut, 
Hunter,  Colin, 421, 99.39, , , CAN, canada, , , , , , , , colinhuntercan, 
Skhvediani,  Jaba, 422, 98.9, , , GEO, , , , , , , , , jabaskhvediani, 
Rogers,  Mac, 423, 97.93, , , NZL, new zealand, , , , , , , , macrogersnzl, 
Falhaber,  Bart, 424, 97.82, , , NED, ned, , , , , , , , bartfalhaberned, 
Hafsahl,  Storm, 425, 97.59, , , NOR, norway, , , , , , , , stormhafsahlnor, 
Partanen,  Aatu, 426, 97.56, , , FIN, finland, , , , , , , , aatupartanenfin, 
Johansson,  Borgthor Omar, 427, 96.97, , , ISL, iceland, , , , , , , , borgthor omarjohanssonisl, 
Sutton,  Alfred, 428, 96.47, , , FRA, france, , , , , , , , alfredsuttonfra, 
Schweizer,  Mika, 429, 96.45,  | , 12, GER, germany, Goofy, 142, Kempten, Allgaeu Valley in Bavaria - Germany, , https://www.facebook.com/groups/1042965525731760/?ref=group_header, , mikaschweizerger, 
Inokuchi,  Wayu, 430, 96.17, , , JPN, japan, , , , , , , , wayuinokuchijpn, 
Zhang,  Jiahao, 431, 95.97, , , CHN, china, , , , , , , , jiahaozhangchn, 
Cavers,  George, 432, 95.59, , , USA, united states, , , , , , , , georgecaversusa, 
Kim,  Sang-Jae, 433, 95.29, , , KOR, korea, , , , , , , , sang-jaekimkor, 
Hoeksema,  Steven, 434, 94.95, , , CAN, canada, , , , , , , , stevenhoeksemacan, 
Joensuu,  Topias, 435, 94.71, , , FIN, finland, , , , , , , , topiasjoensuufin, 
Sundsvold Bjonness,  Emil, 435, 94.71, , , NOR, norway, , , , , , , , emilsundsvold bjonnessnor, 
Yang,  Wenlong, 437, 94.64, , , CHN, china, , , , , , , , wenlongyangchn, 
Kallos,  Anderson, 438, 94.6, , 15, CAN, canada, , , , , , , , andersonkalloscan, 
Steed,  Jackson, 439, 94.59, , , CAN, canada, , , , , , , , jacksonsteedcan, 
Muhonen,  Anton, 440, 94.03, , , SWE, sweden, , , , , , , , antonmuhonenswe, 
Batchelor,  Zachary, 441, 93.93, , 14, CAN, canada, , , , , , , , zacharybatchelorcan, 
Tucker,  Rio, 442, 93.88, , 16, CAN, canada, , , , , , , , riotuckercan, 
Jinguji,  Kaito, 443, 93.87, , , JPN, japan, , , , , , , , kaitojingujijpn, 
Kleivdal,  Morten, 444, 93.85, K2 Snowboarding | Von Zipper | , 29, NOR, norway, Regular, 183, Geilo, Geilo| Norway, , , , mortenkleivdalnor, 
Christensen,  Christian, 445, 93.11, , , NOR, norway, , , , , , , , christianchristensennor, 
Saito,  Yuto, 446, 92.36, , , JPN, japan, , , , , , , , yutosaitojpn, 
Sitzia,  Leonardo, 447, 92.3, , , GER, germany, , , , , , , , leonardositziager, 
Teksle,  Petter, 448, 91.99, , , NOR, norway, , , , , , , , pettertekslenor, 
Zverina,  Petr, 449, 91.29, , , CZE, czech republic, , , , , , , , petrzverinacze, 
Jedrej,  Joseph, 450, 91.1, , , CAN, canada, , , , , , , , josephjedrejcan, 
Alexis,  Genest, 451, 91.06, , , CAN, canada, , , , , , , , genestalexiscan, 
Montalvo,  Blake, 452, 90.87, , , CAN, canada, , , , , , , , blakemontalvocan, 
Duncan,  Roahan, 453, 90.64, , , GBR, united kingdom, , , , , , , , roahanduncangbr, 
Vera,  Dante, 454, 90.18, , , ARG, argentina, , , , , , , , danteveraarg, 
Oki,  Fuki, 455, 90.11, , , JPN, japan, , , , , , , , fukiokijpn, 
Malcolm,  George, 456, 89.97, , 19, CAN, canada, , , , , , , , georgemalcolmcan, 
Parkinson,  Jesse, 456, 89.97, Go Pro Cameras | Quiksilver | Skullcandy | , 15, AUS, australia, Regular, , , , , , , jesseparkinsonaus, 
De Baets,  Rune, 458, 89.85, , , BEL, belgium, , , , , , , , runede baetsbel, 
Berghorn,  Gavin, 459, 88.76, , , USA, united states, , , , , , , , gavinberghornusa, 
Bridgman,  Nicholas, 460, 88.47, Northwave | Smith | , 27, ITA, italy, Goofy, 179, Jesolo Lido, Seiser Alm, , Nicholas Bridgman, , nicholasbridgmanita, 
Axelsson,  Felix, 461, 88.23, , , SWE, sweden, , , , , , , , felixaxelssonswe, 
Pare,  Nathan, 462, 88.18, , , USA, united states, , , , , , , , nathanpareusa, 
Delaurier,  Tyson, 463, 87.85, , , CAN, canada, , , , , , , , tysondelauriercan, 
Rawdon-Harris,  Ethan, 464, 87.31, , , CAN, canada, , , , , , , , ethanrawdon-harriscan, 
Scanland,  Cyrus, 465, 87.17, , 17, CAN, canada, , , , , , , , cyrusscanlandcan, 
Haefliger,  Lars, 466, 87.12, , , SUI, switzerland, , , , , , , , larshaefligersui, 
Justin,  Perron, 467, 87.08, , , CAN, canada, , , , , , , , perronjustincan, 
Henricksen,  Dillon, 468, 86.99, , , USA, united states, , , , , , , , dillonhenricksenusa, 
Toman,  Vaclav, 469, 86.19, , 17, CZE, czech republic, Goofy, , Prague, , , , , vaclavtomancze, 
Schwiersch,  Leonhard, 470, 85.26, , , GER, germany, , , , , , , , leonhardschwierschger, 
Kreienbuehl,  Gabriel Tim, 471, 85.1, , , SUI, switzerland, , , , , , , , gabriel timkreienbuehlsui, 
Mukai,  Takeru, 472, 84.71, , , JPN, japan, , , , , , , , takerumukaijpn, 
Alkefjaerd,  Daniel, 473, 84.65, Dr.Zipe | , 23, SWE, sweden, Regular, , , , , , , danielalkefjaerdswe, 
Laine,  Juho, 474, 84.44, , , FIN, finland, , , , , , , , juholainefin, 
Zabela,  Siarhei, 475, 84.16, , , BLR, belarus, , , , , , , , siarheizabelablr, 
Vargdal,  Sigurd, 476, 84.11, , , NOR, norway, , , , , , , , sigurdvargdalnor, 
Foord-Kelcey,  James, 477, 83.79, , , CAN, canada, , , , , , , , jamesfoord-kelceycan, 
Hicks,  Kieran, 478, 83.79, Lib Technologies | Von Zipper | , 10, CAN, canada, Goofy, , , , , , , kieranhickscan, 
Todd,  Connor, 479, 83.7, , 18, CAN, canada, , , , , , , , connortoddcan, 
MacZugowski,  Jedrzej, 480, 83.38, , , POL, poland, , , , , , , , jedrzejmaczugowskipol, 
Ulseth Sylte,  Vegard, 481, 83.36, , , NOR, norway, , , , , , , , vegardulseth syltenor, 
MacIsaac,  Jordan, 482, 83.23, , 18, CAN, canada, , , , , , , , jordanmacisaaccan, 
Warren,  Bo, 483, 82.96, Lib Technologies | , 23, USA, united states, , , , , , , , bowarrenusa, 
Hannibal,  Linus, 484, 82.56, , , GER, germany, , , , , , , , linushannibalger, 
Depriest,  Brooklyn, 485, 82.24, Volcom | , 14, USA, united states, Regular, , Rocklin, , , , , brooklyndepriestusa, 
Fujiwara,  Yuki, 486, 82.09, , , JPN, japan, , , , , , , , yukifujiwarajpn, 
Barin,  Cesar, 487, 82.06, , , FRA, france, , , , , , , , cesarbarinfra, 
Girotto,  Cesare Emanuele, 488, 81.91, , , ITA, italy, , , , , , , , cesare emanuelegirottoita, 
Nickel,  Jacob, 489, 81.85, , , CAN, canada, , , , , , , , jacobnickelcan, 
Krall,  Timo, 490, 81.72, , , AUT, austria, , , , , , , , timokrallaut, 
Eldood,  Kamal, 491, 81.37, , 17, CAN, canada, , , , , , , , kamaleldoodcan, 
Soic,  Mauro, 492, 80.98, , , CRO, cro, , , , , , , , maurosoiccro, 
Plur De La Rosa,  Joao, 493, 80.69, , 10, GER, germany, , , , , , , , joaoplur de la rosager, 
Mikalsen Ostby,  Simon, 494, 80.63, , , NOR, norway, , , , , , , , simonmikalsen ostbynor, 
Chen,  Maxson, 495, 80.36, , , AUS, australia, , , , , , , , maxsonchenaus, 
Buraud,  Jules, 496, 79.85, , , FRA, france, , , , , , , , julesburaudfra, 
Golinczak,  Jan, 497, 79.82, , 13, POL, poland, Goofy, , Warsaw, , , , , jangolinczakpol, 
Hamilton,  Mason, 498, 79.62, , , CAN, canada, , , , , , , , masonhamiltoncan, 
Ernst,  Wyatt, 499, 79.51, , , CAN, canada, , , , , , , , wyatternstcan, 
Magee,  Chris, 500, 78.83, , , USA, united states, , , , , , , , chrismageeusa, 
Lebedev,  Maxim, 501, 78.8, , , CZE, , , , , , , , , maximlebedevcze, 
Ostapovich,  Kale, 502, 78.77, , , CAN, , , , , , , , , kaleostapovichcan, 
Jovic,  Todor, 503, 78.4, , , SRB, , , , , , , , , todorjovicsrb, 
Kelly,  Connor, 504, 78.39, , , USA, , , , , , , , , connorkellyusa, 
Melville Ives,  Cam, 505, 78.05, , , NZL, , , , , , , , , cammelville ivesnzl, 
Karoliussen,  Petter, 506, 77.97, , , NOR, , , , , , , , , petterkaroliussennor, 
Inman,  Ethan, 507, 77.91, , , CAN, , , , , , , , , ethaninmancan, 
Kroell,  Jonas, 508, 77.69, , , AUT, , , , , , , , , jonaskroellaut, 
Pizarro,  Pedro, 509, 77.62, , , CHI, , , , , , , , , pedropizarrochi, 
Yonemura,  Toranosuke, 510, 77.34, , , JPN, , , , , , , , , toranosukeyonemurajpn, 
Lemke,  Derek, 511, 77.15, , , USA, , , , , , , , , dereklemkeusa, 
Rustad,  Markus, 512, 77.02, , 24, NOR, , Regular, , Oslo, , , , , markusrustadnor, 
Pfrommer,  Paul, 513, 76.95, , , GER, , , , , , , , , paulpfrommerger, 
Argue,  Chase, 514, 76.93, , , CAN, , , , , , , , , chasearguecan, 
Pajer,  Mikolas, 515, 76.81, Analog | Anon Optics | Burton Snowboards | , 23, CZE, , Goofy, , , , , , , mikolaspajercze, 
Karahasanovic,  Amar, 516, 76.5, , , BIH, , , , , , , , , amarkarahasanovicbih, 
Kim,  Hyobin, 517, 76.38, , , KOR, , , , , , , , , hyobinkimkor, 
Wilson,  Indiana, 518, 76.23, , 16, CAN, , , , , , , , , indianawilsoncan, 
Kaemingh,  Carter, 519, 76.08, , 17, CAN, , , , , , , , , carterkaeminghcan, 
Jukola,  Ville, 520, 75.88, , , FIN, , , , , , , , , villejukolafin, 
Billiet,  Niels, 521, 75.55, , , BEL, , , , , , , , , nielsbillietbel, 
Ahonen,  Samu, 522, 75.44, , , FIN, , , , , , , , , samuahonenfin, 
Yoshida,  Teruki, 523, 75.41, , , JPN, , , , , , , , , terukiyoshidajpn, 
Dale Nyqvist,  Alexander, 524, 75.08, , , NOR, , , , , , , , , alexanderdale nyqvistnor, 
Brandsoy,  Jalen, 525, 74.16, , , USA, , , , , , , , , jalenbrandsoyusa, 
Moore,  Lewis, 526, 74.05, , , GBR, , , , , , , , , lewismooregbr, 
Bender,  Maximilian, 527, 73.75, , , GER, , , , , , , , , maximilianbenderger, 
Arason,  Birkir Thor, 528, 73.73, , , ISL, , , , , , , , , birkir thorarasonisl, 
Steffensen,  Lasse, 529, 73.48, , , NOR, , , , , , , , , lassesteffensennor, 
Deriban,  Karlo, 530, 73.47, , , MKD, , , , , , , , , karloderibanmkd, 
Gietzler,  Harald, 531, 73.4, , , AUT, , , , , , , , , haraldgietzleraut, 
Paulicek,  Daniel, 532, 73.26, , 27, CZE, , , , , , , , , danielpaulicekcze, 
Ozturk,  Edis, 533, 72.52, , , BIH, , , , , , , , , edisozturkbih, 
Schiele,  Tate, 534, 72.52, , , CAN, , , , , , , , , tateschielecan, 
Fukami,  Keita, 535, 71.93, , , JPN, , , , , , , , , keitafukamijpn, 
Leuenberger,  Lukas, 536, 71.85, , , SUI, , , , , , , , , lukasleuenbergersui, 
Campbell,  Cobi, 537, 71.42, , 13, CAN, , , , , , , , , cobicampbellcan, 
Hughes,  Jet, 538, 71.4, , , NZL, , , , , , , , , jethughesnzl, 
Springinsfeld,  Nahuel, 539, 71.18, , , ARG, , , , , , , , , nahuelspringinsfeldarg, 
Lee,  Kwang Ki, 539, 71.18, , 27, KOR, , Goofy, 155cm, Gyeonggi-Do, , , , , kwang kileekor, 
Downs,  Jayce, 541, 70.68, , 18, CAN, , , , , , , , , jaycedownscan, 
Wrobel,  Evan, 542, 70.42, , , USA, , , , , , , , , evanwrobelusa, 
Landmark,  Zebastian, 543, 70.03, 32 Snowboard Boots | Lib Technologies | Union Bindings | , 29, SWE, , Regular, 189, Leksand, kläppen, , , , zebastianlandmarkswe, 
Couderc,  Baptiste, 544, 69.73, , , FRA, , , , , , , , , baptistecoudercfra, 
Vebra,  Gytis, 545, 69.66, , , LTU, , , , , , , , , gytisvebraltu, 
Hagen,  Haavard, 546, 69.47, , , NOR, , , , , , , , , haavardhagennor, 
Ikola,  Ville, 547, 68.95, , , FIN, , , , , , , , , villeikolafin, 
Levy,  Griffin, 548, 68.93, , , CAN, , , , , , , , , griffinlevycan, 
Bergantino,  Charlie, 549, 68.88, , , USA, , , , , , , , , charliebergantinousa, 
Joyal,  Vincent, 550, 68.86, , 15, CAN, , , , , , , , , vincentjoyalcan, 
Vogel,  Thom, 551, 68.8, , , NED, ned, , , , , , , , thomvogelned, 
Muresan,  Wesley, 552, 68.58, , , USA, united states, , , , , , , , wesleymuresanusa, 
Banados,  Vicente, 553, 68.31, , , CHI, chi, , , , , , , , vicentebanadoschi, 
Hiraoka,  Keitaro, 554, 67.81, , 21, JPN, japan, Regular, 160cm, Osaka, Whistler, , https://www.facebook.com/profile.php?id=100005018760366&fref=ts, , keitarohiraokajpn, 
Repo,  Kalle, 555, 67.52, , , FIN, finland, , , , , , , , kallerepofin, 
Toews,  Jeremy, 556, 67.51, , , CAN, canada, , , , , , , , jeremytoewscan, 
Guseli,  Valentino, 557, 66.67, Never Summer | Volcom | , 15, AUS, australia, Regular, , Red Hill, , , , , valentinoguseliaus, 
Winkler,  Nico, 557, 66.67, , 18, AUT, austria, Regular, , Jenbach, Ziller Valley, nicowinkler.com, , , nicowinkleraut, 
Bothe,  Niclas, 557, 66.67, , 18, GER, germany, Goofy, , , , , , , niclasbotheger, 
Hill,  Kael, 557, 66.67, DC | Endeavor | Spy | , 30, CAN, canada, Goofy, 5ft.7, Cochrane, , , , , kaelhillcan, 
Biogradlic,  Faris, 557, 66.67, , , BIH, bosnia and herzegovina, , , , , , , , farisbiogradlicbih, 
Adams,  Jake, 557, 66.67, , , CAN, canada, , , , , , , , jakeadamscan, 
Tagliaferro,  Nahuel, 563, 66.61, , , AND, andorra, , , , , , , , nahueltagliaferroand, 
Bietenholz,  Leo, 564, 66.38, , , SUI, switzerland, , , , , , , , leobietenholzsui, 
Finnsson,  Kolbeinn Thor, 565, 66.29, , , ISL, iceland, , , , , , , , kolbeinn thorfinnssonisl, 
Strobel,  Rhys, 566, 65.67, , , CAN, canada, , , , , , , , rhysstrobelcan, 
Jamieson,  Rocco, 567, 65.64, , , NZL, new zealand, , , , , , , , roccojamiesonnzl, 
Garandel,  Liam, 568, 65.49, , , FRA, france, , , , , , , , liamgarandelfra, 
Sverresvold,  Julian, 569, 65.43, , , NOR, norway, , , , , , , , juliansverresvoldnor, 
Konuma,  Haruka, 570, 65.17, , , JPN, japan, , , , , , , , harukakonumajpn, 
Edelman,  Stefan Vladislav, 571, 65.03, , , SRB, serbia, , , , , , , , stefan vladislavedelmansrb, 
Schuetz,  Nicolas, 572, 64.9, , , SUI, switzerland, , , , , , , , nicolasschuetzsui, 
Rokosh,  Max, 573, 64.58, , , CAN, canada, , , , , , , , maxrokoshcan, 
Kakimoto,  Yua, 574, 64.31, , , JPN, japan, , , , , , , , yuakakimotojpn, 
Yanez,  Benjamin, 575, 64.07, , 17, CHI, chi, , , , , , , , benjaminyanezchi, 
Hoenie,  Nolan, 576, 63.66, , , USA, united states, , , , , , , , nolanhoenieusa, 
Perez Guerra,  Ignasio, 577, 63.57, , , AND, andorra, , , , , , , , ignasioperez guerraand, 
Urquhart,  Karl, 578, 63.07, , 16, CAN, canada, , , , , , , , karlurquhartcan, 
Dammert,  Michael, 579, 63.04, , , GER, germany, , , , , , , , michaeldammertger, 
Skenderovski,  Bojan, 580, 62.63, , , MKD, macedonia, , , , , , , , bojanskenderovskimkd, 
NDOUMBE MOUKOURI,  Natan, 581, 62.38, , 15, FRA, france, , , Meauzac, , , , , natanndoumbe moukourifra, 
Fawcett,  Sam, 582, 62.03, , 18, CAN, canada, , , , , , , , samfawcettcan, 
Yasue,  Shoki, 583, 61.68, , , JPN, japan, , , , , , , , shokiyasuejpn, 
Gudmundsson,  Astvaldur Ari, 584, 61.59, , , ISL, iceland, , , , , , , , astvaldur arigudmundssonisl, 
Choi,  Yoonjae, 585, 61.55, , , KOR, korea, , , , , , , , yoonjaechoikor, 
Chen,  Vinson, 585, 61.55, , , AUS, australia, , , , , , , , vinsonchenaus, 
Bergstrom,  Gunnar, 587, 61.18, , , USA, united states, , , , , , , , gunnarbergstromusa, 
Cerrato,  Leonardo, 588, 60.94, , , AUT, austria, , , , , , , , leonardocerratoaut, 
Mahoney,  Aidan, 589, 60.89, , , USA, united states, , , , , , , , aidanmahoneyusa, 
Hunter,  Evan, 590, 60.83, , 14, CAN, canada, , , , , , , , evanhuntercan, 
Hosefros,  Keegan, 591, 60.75, Dragon | Ride Snowboards | , 21, USA, united states, Regular, 135, Truckee, Sugarbush| Vermont, , Keegan Hosefros, , keeganhosefrosusa, 
Le Fur,  Honorio, 592, 60.73, , , FRA, france, , , , , , , , honoriole furfra, 
Nishizawa,  Tenshin, 593, 60.47, , , JPN, japan, , , , , , , , tenshinnishizawajpn, 
Arnason,  Tomas Orri, 594, 60.19, , , ISL, iceland, , , , , , , , tomas orriarnasonisl, 
Bremner,  Findlay, 595, 59.94,  | , 21, GBR, united kingdom, Goofy, 5ft 9, Aberdeen, Cairngorm Mountains| Scotland, www.finbremner.com, , www.twitter.com/finbremner, findlaybremnergbr, 
Avtaneev,  Nikita, 596, 59.82, Burton Snowboards | , 25, RUS, russian federation, Goofy, , , , , , , nikitaavtaneevrus, 
Pavlakos,  Nikolas, 597, 59.7, , , CAN, canada, , , , , , , , nikolaspavlakoscan, 
Silverthorn,  Cole, 598, 59.68, , 17, CAN, canada, Goofy, , , , , , , colesilverthorncan, 
McCarthy,  Matthew, 599, 59.62, , 15, CAN, canada, , , , , , , , matthewmccarthycan, 
Shegelman,  Josh, 600, 59.54, , , CAN, canada, , , , , , , , joshshegelmancan, 
Buttle,  Finlay, 601, 59.37, , , GBR, united kingdom, , , , , , , , finlaybuttlegbr, 
Saito,  Ryoma, 602, 59.19, , , JPN, japan, , , , , , , , ryomasaitojpn, 
Peter,  Lotz, 603, 59.1, , , GER, germany, , , , , , , , lotzpeterger, 
Andrasovich,  Uladzislau, 604, 59.08, , , BLR, belarus, , , , , , , , uladzislauandrasovichblr, 
Jozsa,  Martin, 605, 59.01, , , SVK, slovakia, , , , , , , , martinjozsasvk, 
Seymour,  Bailey, 606, 58.93, , 18, CAN, canada, , , , , , , , baileyseymourcan, 
Hed,  Olle, 607, 58.88, , , SWE, sweden, , , , , , , , ollehedswe, 
SELZLER,  Gage, 608, 58.83, , , CAN, canada, , , , , , , , gageselzlercan, 
Fedorowycz,  Lys, 609, 58.69, , , USA, united states, , , , , , , , lysfedorowyczusa, 
Thoroddsson,  Arnor Dagur, 610, 58.68, , , ISL, iceland, , , , , , , , arnor dagurthoroddssonisl, 
Jones,  Dayton, 611, 58.66, , 17, CAN, canada, , , , , , , , daytonjonescan, 
Davidsson,  Aron Snorri, 612, 58.61, , , ISL, iceland, , , , , , , , aron snorridavidssonisl, 
Baikie,  Zak, 613, 58.38, , , NZL, new zealand, , , , , , , , zakbaikienzl, 
Hagen,  Ole Christian, 614, 57.77, DC | Von Zipper | , 25, NOR, norway, Regular, 175 cm, Kongsberg, Kongsberg, , , , ole christianhagennor, 
Hernler,  Phillip, 615, 57.64, , , AUT, austria, , , , , , , , philliphernleraut, 
Melville Ives,  Campbell, 616, 57.59, , , NZL, new zealand, , , , , , , , campbellmelville ivesnzl, 
George,  Connor, 617, 57.56, , , CAN, canada, , , , , , , , connorgeorgecan, 
Sequeira,  Gabriel, 618, 57.52, , , CAN, canada, , , , , , , , gabrielsequeiracan, 
Tynan,  Liam, 619, 57.48, , , GBR, united kingdom, , , , , , , , liamtynangbr, 
Kyriazis,  Aris, 620, 57.34, , , GER, germany, , , , , , , , ariskyriazisger, 
Lopez Lasierra,  Francho, 621, 57.27, , , ESP, spain, , , , , , , , francholopez lasierraesp, 
Bollock,  Ryder, 622, 56.81, , , USA, united states, , , , , , , , ryderbollockusa, 
Fukada,  Nagisa, 623, 56.72, , , JPN, japan, , , , , , , , nagisafukadajpn, 
Albrecht,  London, 624, 56.63, , , USA, united states, , , , , , , , londonalbrechtusa, 
Landmark,  Philip, 625, 56.63, 32 Snowboard Boots | Gnu | Icon Snowboards | , 28, SWE, sweden, Regular, , Leksand, , , , , philiplandmarkswe, 
Stojak,  Tino, 626, 56.46, , , CRO, cro, , , , , , , , tinostojakcro, 
Woodworth,  Kaleb, 627, 56.02, , , CAN, canada, , , , , , , , kalebwoodworthcan, 
Henderson,  Garrett, 628, 55.61, , , USA, united states, , , , , , , , garretthendersonusa, 
Reimer,  Neko, 629, 55.55, , 13, CAN, canada, , , , , , , , nekoreimercan, 
Niwa,  Jake, 630, 55.54, , , CAN, canada, , , , , , , , jakeniwacan, 
Brown,  Noah, 631, 55.54, , , USA, united states, , , , , , , , noahbrownusa, 
Djunaedi,  Adam, 632, 55.43, , , CAN, canada, , , , , , , , adamdjunaedican, 
Kutmon,  Jonathan, 633, 55.33, , , AUT, austria, , , , , , , , jonathankutmonaut, 
Volopich,  Daniel, 634, 55.23, , , CZE, czech republic, , , , , , , , danielvolopichcze, 
Smits,  Sam, 635, 55.11, , , CAN, ned, , , , , , , , samsmitsned, 
Deltrap,  Nicky, 636, 54.94, , , NED, ned, , , , , , , , nickydeltrapned, 
Kiyomizu,  Shuhei, 637, 54.84, , , JPN, japan, , , , , , , , shuheikiyomizujpn, 
Iwasaki,  Kota, 638, 54.76, , , JPN, japan, , , , , , , , kotaiwasakijpn, 
Ogawa,  Yuma, 639, 54.6, , 29, JPN, japan, Regular, 169, Yokohama, hotakabokujyou skiing area, , , , yumaogawajpn, 
Willemsen,  Jesse, 640, 54.49, , , NED, ned, , , , , , , , jessewillemsenned, 
Krogt  Van Der,  Mitchell, 641, 54.22, , , NED, ned, , , , , , , , mitchellkrogt  van derned, 
Tomabechi,  Shu, 642, 54.19, , , JPN, japan, , , , , , , , shutomabechijpn, 
Sonne,  Konrad, 643, 54.12, , , AUT, austria, , , , , , , , konradsonneaut, 
Banados,  Felipe, 644, 53.77, , , CHI, chi, , , , , , , , felipebanadoschi, 
Ito,  Yuki, 645, 53.74, , , JPN, japan, , , , , , , , yukiitojpn, 
Minkov,  Mihail, 646, 53.35, , 17, BUL, bul, , , , , , , , mihailminkovbul, 
Kongshem,  Haavard, 647, 52.97, , , NOR, norway, , , , , , , , haavardkongshemnor, 
Hasler,  Jonas, 648, 52.82, , , SUI, switzerland, , , , , , , , jonashaslersui, 
McHatten,  Colton, 649, 52.63, , , CAN, canada, , , , , , , , coltonmchattencan, 
Skandera,  Matyas, 650, 52.6, , , CZE, czech republic, , , , , , , , matyasskanderacze, 
Bergmann,  Darek, 651, 52.41,  | , 29, CZE, czech republic, Regular, , Príchovice, , , , , darekbergmanncze, 
Petrovski,  Marko, 652, 52.23, , , MKD, macedonia, , , , , , , , markopetrovskimkd, 
Gustaffson,  Tim, 653, 51.53, , , NOR, norway, , , , , , , , timgustaffsonnor, 
Mendolia,  Facundo Catriel, 654, 51.38, , , ARG, argentina, , , , , , , , facundo catrielmendoliaarg, 
Montalvo,  Trey, 655, 51.3, , , CAN, canada, , , , , , , , treymontalvocan, 
Luengo,  Esteeban, 656, 51.07, , , ARG, argentina, , , , , , , , esteebanluengoarg, 
Carlund,  Cornelia, 657, 51.05, , , SWE, sweden, , , , , , , , corneliacarlundswe, 
Ozahata,  Sora, 658, 51.03, , , JPN, japan, , , , , , , , soraozahatajpn, 
Jenssen,  Bjorn Johan, 659, 50.95, , , NOR, norway, , , , , , , , bjorn johanjenssennor, 
Heninger,  Dexter, 660, 50.67, , 13, CAN, canada, , , , , , , , dexterheningercan, 
Arnarsson,  Skirnir Dadi, 661, 50.46, , , ISL, iceland, , , , , , , , skirnir dadiarnarssonisl, 
Davidson,  Barack, 662, 50.41, , 13, CAN, canada, , , , , , , , barackdavidsoncan, 
Bauer,  Raphael, 663, 50.39, , , FRA, france, , , , , , , , raphaelbauerfra, 
Peter,  Jakob, 664, 50.24, , , GER, germany, , , , , , , , jakobpeterger, 
Odinsson,  Hafsteinn Heimir, 665, 50.23, , , ISL, iceland, , , , , , , , hafsteinn heimirodinssonisl, 
Delago,  Lukas, 666, 50.21, , , GER, germany, , , , , , , , lukasdelagoger, 
Legac,  Fran, 667, 50.17, , , CRO, cro, , , , , , , , franlegaccro, 
Wiffen,  Jadon, 668, 50.09, , 15, CAN, canada, , , , , , , , jadonwiffencan, 
Asmundsson,  Einar Agust, 669, 49.95, , , ISL, iceland, , , , , , , , einar agustasmundssonisl, 
Obradovic,  Petar, 670, 49.88, , , SRB, serbia, , , , , , , , petarobradovicsrb, 
Jiang,  Xinjie, 671, 49.86, , , CHN, china, , , , , , , , xinjiejiangchn, 
Angstl,  Linus, 672, 49.8, , , GER, germany, , , , , , , , linusangstlger, 
Copenhaver,  Clay, 673, 49.57, , , USA, united states, , , , , , , , claycopenhaverusa, 
Sladic,  Aljaz, 674, 49.57, , , SLO, slo, , , , , , , , aljazsladicslo, 
Steendam,  Cole, 675, 49.53, , 17, CAN, canada, , , , , , , , colesteendamcan, 
Giovannini,  Edoardo, 676, 49.51, , , ITA, italy, , , , , , , , edoardogiovanniniita, 
Choi,  Seongjun, 677, 49.25, , , KOR, korea, , , , , , , , seongjunchoikor, 
Radulovic,  Ognjen, 678, 49.22, , , SRB, serbia, , , , , , , , ognjenradulovicsrb, 
Rodriguez,  Xavier, 679, 49.09, , 25, AND, andorra, , , , , , , , xavierrodriguezand, 
Grkovic,  Vladan, 680, 48.94, , , SRB, serbia, , , , , , , , vladangrkovicsrb, 
Westfall,  Jake, 681, 48.93, , , USA, united states, , , , , , , , jakewestfallusa, 
Strobel,  Seth, 682, 48.7, , 16, CAN, canada, , , , , , , , sethstrobelcan, 
Layton,  Kurt, 683, 48.59, , 26, CAN, canada, , , , , , , , kurtlaytoncan, 
Masuda,  Riku, 683, 48.59, , , JPN, japan, , , , , , , , rikumasudajpn, 
Sato,  Kai, 685, 48.52, , , JPN, japan, , , , , , , , kaisatojpn, 
Bjorgvinsson,  Arnar, 686, 48.47, , , ISL, iceland, , , , , , , , arnarbjorgvinssonisl, 
Armbruster,  Jack, 687, 48.26, , , USA, united states, , , , , , , , jackarmbrusterusa, 
Baez,  Gonzalo Daniel, 688, 48.13, , , ARG, argentina, , , , , , , , gonzalo danielbaezarg, 
Tarmann,  Marcel, 689, 48.13, , , AUT, austria, , , , , , , , marceltarmannaut, 
Kordiak,  David, 690, 48.12, , 23, SVK, slovakia, , , , , , , , davidkordiaksvk, 
Gastl,  Angelo, 691, 48.07, , , AUT, austria, , , , , , , , angelogastlaut, 
Mazet Brown,  Txema, 692, 47.73, , , NZL, new zealand, , , , , , , , txemamazet brownnzl, 
Hui,  Yining, 693, 47.72, , , CHN, china, , , , , , , , yininghuichn, 
Komsi,  Juuse, 694, 47.71, , , FIN, finland, , , , , , , , juusekomsifin, 
Osmond,  Tommy, 695, 47.68, , , GBR, united kingdom, , , , , , , , tommyosmondgbr, 
Clara Ventosa,  Jan, 696, 47.59, , , ESP, spain, , , , , , , , janclara ventosaesp, 
Holland,  Hayden, 697, 47.54, , , CAN, canada, , , , , , , , haydenhollandcan, 
Bubic,  Leon, 698, 47.49, , , CRO, cro, , , , , , , , leonbubiccro, 
Valkenborgh,  Niels, 699, 47.34, , , BEL, belgium, , , , , , , , nielsvalkenborghbel, 
Fux,  Marc, 700, 46.98, , , GER, germany, , , , , , , , marcfuxger, 
Eythorsson,  Asgeir Bjarni, 701, 46.75, , , ISL, iceland, , , , , , , , asgeir bjarnieythorssonisl, 
Sutter,  Gian Andrea, 702, 46.74,  | , 21, SUI, switzerland, Goofy, 1.80, Pfäffikon, Scuol Switzerland, , , , gian andreasuttersui, 
Koenig,  Lennox, 703, 46.55, , , AUT, austria, , , , , , , , lennoxkoenigaut, 
Wynnyk,  Solomon, 704, 46.44, , , CAN, canada, , , , , , , , solomonwynnykcan, 
Strolz,  Timo, 705, 46.44, , , SUI, switzerland, , , , , , , , timostrolzsui, 
Ernst,  Koy, 706, 46.35, , , CAN, canada, , , , , , , , koyernstcan, 
Bunce,  Lewis, 707, 46.27, , 15, CAN, canada, , , , , , , , lewisbuncecan, 
Viscarro,  Augusto, 708, 46.19, , , ARG, argentina, , , , , , , , augustoviscarroarg, 
Haemaelaeinen,  Elias, 709, 46.06, , , FIN, finland, , , , , , , , eliashaemaelaeinenfin, 
Zoega,  Svavar, 710, 45.91, , , ISL, iceland, , , , , , , , svavarzoegaisl, 
Petrov,  Vladislav, 711, 45.89, , , RUS, russian federation, , , , , , , , vladislavpetrovrus, 
Shimizu,  Toma, 712, 45.79, , , JPN, japan, , , , , , , , tomashimizujpn, 
Doumos,  Ioannis, 713, 45.71, , , GRE, gre, , , , , , , , ioannisdoumosgre, 
Asaga,  Shimpei, 714, 45.64, Von Zipper | , 30, JPN, japan, Regular, 176cm, , TOKYO, sbn.japaho.com/sbn/blog/shimpei/, , www.twitter.com/shimpei_asaga, shimpeiasagajpn, 
Cookshaw,  Simon, 715, 45.44, , 16, CAN, canada, , , , , , , , simoncookshawcan, 
Lehner,  Elias, 716, 45.13, , , SUI, switzerland, , , , , , , , eliaslehnersui, 
Farnsworth,  Philip, 717, 45.12, , , USA, united states, , , , , , , , philipfarnsworthusa, 
Lee,  Byung-Yun, 718, 44.98, , , KOR, korea, , , , , , , , byung-yunleekor, 
Matt,  Landen, 719, 44.6, , , USA, united states, , , , , , , , landenmattusa, 
Arutyunov,  Garik, 720, 44.55, , , BEL, belgium, , , , , , , , garikarutyunovbel, 
Teixeira,  Joao, 721, 44.54, , , BRA, brazil, , , , , , , , joaoteixeirabra, 
Mueller,  Florian, 722, 44.54, , , GER, germany, , , , , , , , florianmuellerger, 
Takahashi,  Kotaro, 723, 44.49, , , JPN, japan, , , , , , , , kotarotakahashijpn, 
Landreth,  Luke, 724, 44.42, , , CAN, canada, , , , , , , , lukelandrethcan, 
Shelly,  Anthony, 725, 44.3, , 13, CAN, canada, , , , , , , , anthonyshellycan, 
Wysock,  Brogan, 726, 44.14, , , USA, united states, , , , , , , , broganwysockusa, 
Lunde,  Benjamin, 727, 44.07, , , NOR, norway, , , , , , , , benjaminlundenor, 
BAILLY SALIN,  Maxime, 728, 43.84, , , FRA, france, , , , , , , , maximebailly salinfra, 
Agnew,  Joshua, 729, 43.61, , , AUS, australia, , , , , , , , joshuaagnewaus, 
Baribault,  Tucker, 730, 43.18, , , USA, united states, , , , , , , , tuckerbaribaultusa, 
Ahola,  Niko, 731, 43.16, , , FIN, finland, , , , , , , , nikoaholafin, 
Hofberger,  Tim, 732, 43.13, , , GER, germany, , , , , , , , timhofbergerger, 
McDaniel,  Malem, 733, 43.03, , , USA, united states, , , , , , , , malemmcdanielusa, 
Sarsland,  Logan, 734, 43.01, , , USA, united states, , , , , , , , logansarslandusa, 
Maligoj,  Lenart, 735, 42.61, , , SLO, slo, , , , , , , , lenartmaligojslo, 
Spence,  MacKay, 736, 42.6, , , CAN, canada, , , , , , , , mackayspencecan, 
Rudgley,  Jordan, 737, 42.19, , , NZL, new zealand, , , , , , , , jordanrudgleynzl, 
Apelland Svendsen,  Peder, 738, 41.92, , , NOR, norway, , , , , , , , pederapelland svendsennor, 
Ferrell,  Lyon, 739, 41.92, , , NOR, norway, , , , , , , , lyonferrellnor, 
Ayyobi,  Zacharyah, 740, 41.91, , 15, CAN, canada, , , , , , , , zacharyahayyobican, 
Miltimore,  Jacob, 741, 41.85, , 17, CAN, canada, , , , , , , , jacobmiltimorecan, 
Kurstatscher,  Tim, 742, 41.7, , , GER, germany, , , , , , , , timkurstatscherger, 
Olafsson,  Stefan Jon, 743, 41.48, , , ISL, iceland, , , , , , , , stefan jonolafssonisl, 
Knellwolf,  Andrin, 744, 41.4, , , SUI, switzerland, , , , , , , , andrinknellwolfsui, 
Bondi,  Nicolo, 745, 41.34, , , ITA, italy, , , , , , , , nicolobondiita, 
Connolly,  John, 746, 41.34, , , USA, united states, , , , , , , , johnconnollyusa, 
Parich,  Benjamin, 747, 41.17, , , AUT, austria, , , , , , , , benjaminparichaut, 
Fuchs,  Davin, 748, 41.13, , , AUT, austria, , , , , , , , davinfuchsaut, 
Visser,  Martin, 749, 40.9, , , CAN, canada, , , , , , , , martinvissercan, 
Stock,  David, 750, 40.88, , , AUT, austria, , , , , , , , davidstockaut, 
Wang,  Liwen, 751, 40.67, , , CHN, china, , , , , , , , liwenwangchn, 
Wheeler,  Ben, 752, 39.94, , 18, CAN, canada, , , , , , , , benwheelercan, 
Harvey-Smith,  Hayden, 753, 39.72, , , GBR, united kingdom, , , , , , , , haydenharvey-smithgbr, 
Krauer,  Jonas, 754, 39.7, , , CZE, czech republic, , , , , , , , jonaskrauercze, 
Tsurusawa,  Yuto, 755, 39.65, , , JPN, japan, , , , , , , , yutotsurusawajpn, 
Qin,  Longen, 756, 39.44, , , CHN, china, , , , , , , , longenqinchn, 
Gruber,  Patrick, 757, 38.88, Smith | Voelkl | , , AUT, austria, , , , , , , , patrickgruberaut, 
Luchkin,  Dmytro, 758, 38.84, , , UKR, ukraine, , , , , , , , dmytroluchkinukr, 
Seljenes,  Liam, 759, 38.71, , , NOR, norway, , , , , , , , liamseljenesnor, 
Shaw,  Noah, 760, 38.68, , 14, CAN, canada, , , , , , , , noahshawcan, 
Wood,  Max, 761, 38.66, , 12, CAN, canada, , , , , , , , maxwoodcan, 
Cavallo,  Gabriele, 762, 38.65, , , ITA, italy, , , , , , , , gabrielecavalloita, 
Olivieri,  Federico, 763, 38.4, , , ITA, italy, , , , , , , , federicoolivieriita, 
Kelly,  Kaden, 764, 38.39, , , USA, united states, , , , , , , , kadenkellyusa, 
Olafsson,  Bjarki Freyr, 764, 38.39, , , ISL, iceland, , , , , , , , bjarki freyrolafssonisl, 
Nojiri,  Tomoyoshi, 766, 38.35, , , JPN, japan, , , , , , , , tomoyoshinojirijpn, 
Van Tittelboom,  Ward, 767, 38.23, , , BEL, belgium, , , , , , , , wardvan tittelboombel, 
Marchesi,  Luis, 768, 37.86, , , SUI, switzerland, , , , , , , , luismarchesisui, 
Gaces,  Jonas, 769, 37.62, , , CAN, canada, , , , , , , , jonasgacescan, 
Stastny,  Oliver, 770, 37.49, , , CZE, czech republic, , , , , , , , oliverstastnycze, 
Grimm,  Jasper, 771, 37.47, , , USA, united states, , , , , , , , jaspergrimmusa, 
Lindroos,  Axel, 772, 37.39, , , FIN, finland, , , , , , , , axellindroosfin, 
Gibson,  Cal, 773, 37.35, , , USA, united states, , , , , , , , calgibsonusa, 
Crossmon,  Owen, 774, 37.27, , , USA, united states, , , , , , , , owencrossmonusa, 
Bormann,  Philipp, 775, 37.24, , , GER, germany, , , , , , , , philippbormannger, 
Mattart,  Oscar, 776, 37.23, , , BEL, belgium, , , , , , , , oscarmattartbel, 
Brennan,  Eryll, 777, 37.21, , , USA, united states, , , , , , , , eryllbrennanusa, 
Ellingsen Kjaerby,  Fredrik, 778, 37.13, , , NOR, norway, , , , , , , , fredrikellingsen kjaerbynor, 
Dicks,  Connor, 779, 37.11, , , USA, united states, , , , , , , , connordicksusa, 
Tsitsos,  Christos, 780, 37.04, , , GRE, gre, , , , , , , , christostsitsosgre, 
Ewert,  Lucas, 781, 37.04, , , CAN, canada, , , , , , , , lucasewertcan, 
Soudunsaari,  Niklas, 782, 36.87, , , FIN, finland, , , , , , , , niklassoudunsaarifin, 
Kimura,  Yuto, 783, 36.72, , , JPN, japan, , , , , , , , yutokimurajpn, 
Kerschhackl,  Marco, 784, 36.61, , 20, ITA, italy, , , Bardolino, , , , , marcokerschhacklita, 
Terashima,  Katsuyuki, 785, 36.58, , , JPN, japan, , , , , , , , katsuyukiterashimajpn, 
Georgalli,  Oscar, 786, 36.45, , , NZL, new zealand, , , , , , , , oscargeorgallinzl, 
Sakamoto,  Rento, 787, 36.44, , , JPN, japan, , , , , , , , rentosakamotojpn, 
Markov,  Nikolay, 787, 36.44, , , RUS, russian federation, , , , , , , , nikolaymarkovrus, 
Griesheimer,  Noah, 789, 36.39, , , USA, united states, , , , , , , , noahgriesheimerusa, 
Willemse,  Wendel, 790, 36.29, , , NED, ned, , , , , , , , wendelwillemsened, 
Bartolo,  Pau, 791, 36.05, , , ESP, spain, , , , , , , , paubartoloesp, 
Stepanov,  Peresvet, 792, 36.02, , , RUS, russian federation, , , , , , , , peresvetstepanovrus, 
Vaagsdal,  Mathias, 793, 36.01, , , NOR, norway, , , , , , , , mathiasvaagsdalnor, 
Neubauer,  Luis, 794, 36.0, , , GER, germany, , , , , , , , luisneubauerger, 
Ganserer,  Lenz, 795, 35.93, , , GER, germany, , , , , , , , lenzgansererger, 
Veselka,  Dominik, 796, 35.8, , , CZE, czech republic, , , , , , , , dominikveselkacze, 
Denney,  Liam, 797, 35.74, , 16, CAN, canada, , , , , , , , liamdenneycan, 
Darkov,  Marko, 798, 35.51, , , MKD, macedonia, , , , , , , , markodarkovmkd, 
Golay,  Eliot, 799, 35.49, , , SUI, switzerland, , , , , , , , eliotgolaysui, 
Palissier Roy,  Enzo, 800, 35.43, , , FRA, france, , , , , , , , enzopalissier royfra, 
Iivonen,  Martti, 801, 35.37, , , FIN, finland, , , , , , , , marttiiivonenfin, 
Gebhard,  Bastian, 802, 35.34, , , GER, germany, , , , , , , , bastiangebhardger, 
Bodvarsson,  Sigfinnur, 803, 35.3, , , ISL, iceland, , , , , , , , sigfinnurbodvarssonisl, 
Pesic,  Nemanja, 804, 35.21, , , SRB, serbia, , , , , , , , nemanjapesicsrb, 
Figueras,  Santiago, 805, 35.18, , , ARG, argentina, , , , , , , , santiagofiguerasarg, 
Gordillo-Faulkner,  Mateo, 806, 35.12, , , CAN, canada, , , , , , , , mateogordillo-faulknercan, 
Fleischer,  Lake, 807, 34.93, , , USA, united states, , , , , , , , lakefleischerusa, 
Riley,  Sam, 808, 34.89, , , USA, united states, , , , , , , , samrileyusa, 
Claudio,  Jonathan, 809, 34.79, , , USA, united states, , , , , , , , jonathanclaudiousa, 
Collins,  Cody, 809, 34.79, , , USA, united states, , , , , , , , codycollinsusa, 
Tajiri,  Sena, 811, 34.72, , , JPN, japan, , , , , , , , senatajirijpn, 
Hannah,  Kyran, 812, 34.59, , , NZL, new zealand, , , , , , , , kyranhannahnzl, 
Gillis,  Daniel, 813, 34.49, , , CAN, canada, , , , , , , , danielgilliscan, 
Boyd,  Marty, 814, 34.27, , , USA, united states, , , , , , , , martyboydusa, 
Carpenter,  Sam, 815, 34.1, , 12, CAN, canada, , , , , , , , samcarpentercan, 
Aubergy,  Pall Rist, 816, 33.94, , , ISL, iceland, , , , , , , , pall ristaubergyisl, 
Jensen,  August, 817, 33.89, , , DEN, den, , , , , , , , augustjensenden, 
Wendl,  Markus, 818, 33.84, , , GER, germany, , , , , , , , markuswendlger, 
Okado,  Ryusei, 819, 33.79, , , JPN, japan, , , , , , , , ryuseiokadojpn, 
Okamoto,  Taisei, 820, 33.71, , , JPN, japan, , , , , , , , taiseiokamotojpn, 
Hallingstad,  Stian, 821, 33.64, , , NOR, norway, , , , , , , , stianhallingstadnor, 
Hamric,  Jesse, 822, 33.41, , , USA, united states, , , , , , , , jessehamricusa, 
Liu,  Shengxin, 823, 33.4, , , CHN, china, , , , , , , , shengxinliuchn, 
Perez,  Ignacio, 824, 33.33, , , AND, andorra, , , , , , , , ignacioperezand, 
Rebernig,  Tom, 824, 33.33, , , AUT, austria, , , , , , , , tomrebernigaut, 
Kawata,  Yuga, 824, 33.33, , , JPN, japan, , , , , , , , yugakawatajpn, 
Andonov,  Bojan, 827, 33.31, , , MKD, macedonia, , , , , , , , bojanandonovmkd, 
Stepanov,  Daniil, 828, 33.19, , , RUS, russian federation, , , , , , , , daniilstepanovrus, 
Peeters,  Elliot, 829, 33.14, , , BEL, belgium, , , , , , , , elliotpeetersbel, 
Hordii,  Yurii, 830, 32.83, , , UKR, ukraine, , , , , , , , yuriihordiiukr, 
Yamauchi,  Yuki, 831, 32.75, , , JPN, japan, , , , , , , , yukiyamauchijpn, 
Herfurth,  Michael, 832, 32.55, , , USA, united states, , , , , , , , michaelherfurthusa, 
Baardseth,  Even, 832, 32.55, , , NOR, norway, , , , , , , , evenbaardsethnor, 
Salter,  Thomas, 834, 32.5, , , CAN, canada, , , , , , , , thomassaltercan, 
Tulloch,  Connor, 835, 32.25, , 15, CAN, canada, , , , , , , , connortullochcan, 
Wedenig,  Markus, 836, 32.12, , , AUT, austria, , , , , , , , markuswedenigaut, 
Balicco,  Sacha, 837, 31.92, , , FRA, france, , , , , , , , sachabaliccofra, 
Städler,  Jonas, 838, 31.88, , , SUI, switzerland, , , , , , , , jonasstädlersui, 
Mizukami,  Kota, 839, 31.88, , , JPN, japan, , , , , , , , kotamizukamijpn, 
Herzenjak,  Anej, 840, 31.81, , , SLO, slo, , , , , , , , anejherzenjakslo, 
Maglov,  Aleksey, 841, 31.63, , , RUS, russian federation, , , , , , , , alekseymaglovrus, 
Campbell,  Jamie, 842, 31.54, , 13, CAN, canada, , , , , , , , jamiecampbellcan, 
Zisko,  Affan, 843, 31.47, , , BIH, bosnia and herzegovina, , , , , , , , affanziskobih, 
Doiron,  Jack, 844, 31.37, , , CAN, canada, , , , , , , , jackdoironcan, 
Putys-Gallagher,  Luke, 845, 31.17, , , LTU, lithuania, , , , , , , , lukeputys-gallagherltu, 
Talpo,  Michele, 845, 31.17, , , ITA, italy, , , , , , , , micheletalpoita, 
Clemente,  Jackie, 847, 31.09, , , USA, united states, , , , , , , , jackieclementeusa, 
Fomchenko,  Mihail, 848, 31.08, , , RUS, russian federation, , , , , , , , mihailfomchenkorus, 
Gaulin Sorensen,  Theodor, 849, 31.06, , , NOR, norway, , , , , , , , theodorgaulin sorensennor, 
Tani,  Yuma, 850, 31.03, , , JPN, japan, , , , , , , , yumatanijpn, 
Moller,  Justo, 851, 31.01, , , ARG, argentina, , , , , , , , justomollerarg, 
Preissinger,  Maximilian, 852, 30.99, Absolut Park | Electric | Planet Sports | Ride Snowboards | Vans | , 22, GER, germany, Regular, 187cm, Starnberg, , , , , maximilianpreissingerger, 
Feng,  Changjun, 853, 30.94, , 26, CHN, china, Goofy, , Beijing, , , , , changjunfengchn, 
Arthur,  Ney, 854, 30.91, , , FRA, france, , , , , , , , neyarthurfra, 
Trask,  Sylas, 855, 30.89, , , USA, united states, , , , , , , , sylastraskusa, 
Flynn,  Bennett, 856, 30.81, , , USA, united states, , , , , , , , bennettflynnusa, 
Nehring,  Fabian, 857, 30.74, , 14, GER, germany, Regular, , Ludwigsfelde, , , , , fabiannehringger, 
Ito,  Hiroto, 858, 30.7, , , JPN, japan, , , , , , , , hirotoitojpn, 
Angelillo,  Dennis, 859, 30.65, , , SUI, switzerland, , , , , , , , dennisangelillosui, 
McCorrister,  Koen, 860, 30.49, , , CAN, canada, , , , , , , , koenmccorristercan, 
Takahashi,  Akira, 861, 30.4, , , JPN, japan, , , , , , , , akiratakahashijpn, 
Kudo,  Sora, 862, 30.4, , , JPN, japan, , , , , , , , sorakudojpn, 
Asmundsson,  Einar Agust, 863, 30.4, , , NOR, norway, , , , , , , , einar agustasmundssonnor, 
Abe,  Kyoichiro, 864, 30.34, , , JPN, japan, , , , , , , , kyoichiroabejpn, 
Beuchel,  Ben, 865, 30.22, , , CAN, canada, , , , , , , , benbeuchelcan, 
Doherty,  Bryce, 866, 30.2, , , CAN, canada, , , , , , , , brycedohertycan, 
Huet,  Hidde, 867, 30.18, , , NED, ned, , , , , , , , hiddehuetned, 
Yokota,  Koki, 868, 29.96, , , JPN, japan, , , , , , , , kokiyokotajpn, 
Tourki,  Liam, 869, 29.79,  | , 21, FRA, france, Regular, 170, Doussard, Les 7 laux 7 laux, , https://www.facebook.com/pages/Tourki-liam/219574808212413?fref=ts, , liamtourkifra, 
Klein,  Josh, 870, 29.78, , 15, CAN, canada, , , , , , , , joshkleincan, 
Augsten,  Christoph, 871, 29.66, , , AUT, austria, , , , , , , , christophaugstenaut, 
Lech-Hernes,  Leonard, 872, 29.61, , , NOR, norway, , , , , , , , leonardlech-hernesnor, 
Kweon,  Leejun, 873, 29.27, , 23, KOR, korea, Regular, 5.9ft, , Welihili Park, none, none, www.twitter.com/none, leejunkweonkor, 
Suikov,  Maksim, 874, 29.26, , , RUS, russian federation, , , , , , , , maksimsuikovrus, 
Stefanec,  Blake, 875, 29.24, , 14, CAN, canada, , , , , , , , blakestefaneccan, 
Shmurikov,  Egor, 876, 29.05, , 17, RUS, russian federation, , , , , , , , egorshmurikovrus, 
Pyle,  Elijah, 877, 29.03, , , USA, united states, , , , , , , , elijahpyleusa, 
Kaspar,  Daniel, 878, 28.72, , , CZE, czech republic, , , , , , , , danielkasparcze, 
Barr,  Scott, 879, 28.58, , , USA, united states, , , , , , , , scottbarrusa, 
Furuhashi,  Ran, 880, 28.32, , , JPN, japan, , , , , , , , ranfuruhashijpn, 
Deans,  Jonah, 881, 28.31, , 13, CAN, canada, , , , , , , , jonahdeanscan, 
Sigfusson,  Bjorn Andri, 882, 28.29, , , ISL, iceland, , , , , , , , bjorn andrisigfussonisl, 
Leece,  Noah, 883, 28.28, , 15, CAN, canada, , , , , , , , noahleececan, 
Henning,  Ryan, 884, 28.27, , 15, CAN, canada, , , , , , , , ryanhenningcan, 
Andenmatten,  Mika, 885, 28.15, , 19, SUI, switzerland, , , , , , , , mikaandenmattensui, 
Abbott,  Brayden, 886, 28.05, , 17, CAN, canada, , , , , , , , braydenabbottcan, 
Stam,  Daan, 887, 28.04, , , GBR, united kingdom, , , , , , , , daanstamgbr, 
Bousbouras,  Nicholas, 888, 27.83, , , USA, united states, , , , , , , , nicholasbousbourasusa, 
Levan,  Lucas, 889, 27.8, , , CAN, canada, , , , , , , , lucaslevancan, 
Haude,  Jonathan, 890, 27.73, , , AUT, austria, , , , , , , , jonathanhaudeaut, 
Martinez,  Louis, 891, 27.68, , , FRA, france, , , , , , , , louismartinezfra, 
Thompson,  Owen, 892, 27.62, , 11, CAN, canada, , , , , , , , owenthompsoncan, 
Duty,  Johnny, 893, 27.51, , , USA, united states, , , , , , , , johnnydutyusa, 
Gislason,  Elis, 894, 27.51, , , ISL, iceland, , , , , , , , elisgislasonisl, 
Laliberte,  Dylan, 895, 27.49, , , CAN, canada, , , , , , , , dylanlalibertecan, 
Sytykh,  Valeriy, 896, 27.26, , 13, BLR, belarus, Regular, , Minsk, , , , , valeriysytykhblr, 
Roy,  Liam, 897, 27.2, , , CAN, canada, , , , , , , , liamroycan, 
Harju,  Aarni, 898, 27.19, , , FIN, finland, , , , , , , , aarniharjufin, 
Thoresen,  Leo, 899, 27.19, , , GER, germany, , , , , , , , leothoresenger, 
Van Der Haven,  Florian, 900, 27.19, , , NED, ned, , , , , , , , florianvan der havenned, 
Murakami,  Toma, 901, 26.97, , , JPN, japan, , , , , , , , tomamurakamijpn, 
Pohl,  Danilo, 902, 26.94, , , GER, germany, , , , , , , , danilopohlger, 
Pecanin,  Nedim, 903, 26.89, , , BIH, bosnia and herzegovina, , , , , , , , nedimpecaninbih, 
Skarvan,  Jaroslav, 904, 26.88, , , CZE, czech republic, , , , , , , , jaroslavskarvancze, 
Tio,  Andre, 905, 26.83, , , CAN, canada, , , , , , , , andretiocan, 
Orlik,  Filip, 906, 26.74, , , POL, poland, , , , , , , , filiporlikpol, 